17558439;TERMORAD GROUP DOO ČESTOBRODICA, POŽEGA;ČESTOBRODICA BB;31213;JEŽEVICA;/rs/107319/termorad-group-doo-cestobrodica-pozega/
07993668;TERMORAD DOO NIŠ;SINĐELIĆEV TRG 20/50;18000;NIŠ;/rs/82174/termorad-doo-nis/
63164283;MARJAN RADOVANOVIĆ PR ZANATSKA RADNjA ACM-TERMORAD JAGODINA;NARODNOG FRONTA 22;35000;JAGODINA;/rs/904115/marjan-radovanovic-pr-zanatska-radnja-acm-termorad-jagodina/
17106341;9. SEPTEMBAR - TISSUE CONVERTING doo Velereč;VELEREČ BB;32300;GORNJI MILANOVAC;/rs/86725/9-septembar-tissue-converting-doo-velerec/
17005464;9.SEPTEMBAR DOO PARAĆIN;CARICE MILICE 2;35250;PARAĆIN;/rs/118965/9-septembar-doo-paracin/
21021652;9. Septembar MEDICAL doo Velereč;Velereč bb;32300;GORNJI MILANOVAC;/rs/949723/9-septembar-medical-doo-velerec/
57199466;SAŠA STOJKOVIĆ PREDUZETNIK, SAMOSTALNA UGOSTITELJSKA RADNJA BONITA S, SURDULICA;5 SEPTEMBAR 9;17530;SURDULICA;/rs/714681/sasa-stojkovic-preduzetnik-samostalna-ugostiteljska-radnja-bonita-s-surdulica/
21688223;RUSS ELECTRO DOO NIŠ;9.SEPTEMBAR 10;18000;NIŠ;/rs/1294473/russ-electro-doo-nis/
57334843;ADVOKAT DUŠAN RADENKOVIĆ;9. SEPTEMBAR 10;18000;NIŠ;/rs/1058645/advokat-dusan-radenkovic/
56648917;AGROINVEST SAMOSTALNA RADNJA ZA USLUGE, ALEKSANDAR GOŠIĆ;26. SEPTEMBAR 9;15314;KRUPANJ;/rs/379043/agroinvest-samostalna-radnja-za-usluge-aleksandar-gosic/
53378005;AUTO TAKSI ŽIVKO SPASOJEVIĆ PREDUZETNIK RUŠANJ;13. SEPTEMBAR 9;11194;Rušanj;/rs/230599/auto-taksi-zivko-spasojevic-preduzetnik-rusanj/
51909291;GRAĐEVINSKO ZANATSKA RADNJA, PREDRAG BOJOVIĆ;10 SEPTEMBAR 9;14240;LJIG;/rs/203623/gradjevinsko-zanatska-radnja-predrag-bojovic/
53245811;POLO S.T.R. - KOMISION, DUŠAN KOKANOVIĆ;19. SEPTEMBAR 9;11550;LAZAREVAC;/rs/835773/polo-s-t-r-komision-dusan-kokanovic/
20792663;ELMONT PROFIL DOO ČAČAK;Bulevar Oslobođenja 13 V;32000;Čačak;/rs/835038/elmont-profil-doo-cacak/
07631715;DOO ELMONT ČAČAK;OBILIĆEVA 20;32000;Čačak;/rs/96543/doo-elmont-cacak/
06176852;ELMONT ENGINEERING DOO BEOGRAD;OBLAKOVSKA 51;11000;BEOGRAD;/rs/44665/elmont-engineering-doo-beograd/
20845546;ELMONT INSTAL DOO NOVI SAD;Bulevar Jovana Dučića 33;21000;Novi Sad;/rs/866490/elmont-instal-doo-novi-sad/
07658761;ELMONT DOO NIŠ;Generala Milojka Lešjanina 72;18000;NIŠ;/rs/115199/elmont-doo-nis/
63709476;JOVAN STOŠIĆ PR ELEKTRIČARSKA RADNJA ELMONT EL-VE VRANJE;RADOJE DOMANOVIĆ 29;17500;Vranje;/rs/974593/jovan-stosic-pr-elektricarska-radnja-elmont-el-ve-vranje/
17442961;DOO ELMONT-GRADNJA POŽAREVAC;VELJKA VLAHOVIĆA 80;12000;POŽAREVAC;/rs/99515/doo-elmont-gradnja-pozarevac/
20055456;ELMONT BLED DOO BEOGRAD;Zahumska 36;11000;BEOGRAD;/rs/68941/elmont-bled-doo-beograd/
61773274;ELMONT-09;/ /;37253;Bela Voda;/rs/661734/elmont-09/
20485981;TRADE MARK ELMONT;SLOVENSKI TRG BB, LOK. 4;22300;Stara Pazova;/rs/38472/trade-mark-elmont/
07606290;METALOPLASTIKA AD ČAJETINA;Zlatiborska 3;31310;ČAJETINA;/rs/68605/metaloplastika-ad-cajetina/
17533711;I.P.A. METALOPLASTIKA D.O.O. TRSTENIK-STARI TRSTENIK;Stari Trstenik 29;37242;STOPANJA;/rs/23646/i-p-a-metaloplastika-d-o-o-trstenik-stari-trstenik/
20599537;METALOPLASTIKA SREĆKOVIĆ DOO VRNJCI;MORAVSKA DOLINA 1A;36217;VRNJCI;/rs/62879/metaloplastika-sreckovic-doo-vrnjci/
07116284;GALEB-METALOPLASTIKA AD ŠABAC;POCERSKA 111;15000;ŠABAC;/rs/103660/galeb-metaloplastika-ad-sabac/
57185619;ĐORĐE CVJETINOVIĆ PREDUZETNIK SAMOSTALNA METALOPLASTIČARSKA RADNJA CB-METALOPLASTIKA NOVA PAZOVA;SAVE KOVAČEVIĆA 23;22330;Nova Pazova;/rs/714482/djordje-cvjetinovic-preduzetnik-samostalna-metaloplasticarska-radnja-cb-metaloplastika-nova-pazova/
61829865;BRANISLAVA DRAGAŠ PR, METALOPLASTIKA, TRGOVINA I KOMISION VODOPRODUKT-DB NOVA PAZOVA;HILANDARSKA 60;22330;Nova Pazova;/rs/665086/branislava-dragas-pr-metaloplastika-trgovina-i-komision-vodoprodukt-db-nova-pazova/
54929188;SZR METALOPLASTIKA PREDOJEVIĆ JOVANKA PREDUZETNIK KRAGUJEVAC;MORAVSKA 1;34000;KRAGUJEVAC;/rs/285130/szr-metaloplastika-predojevic-jovanka-preduzetnik-kragujevac/
61346848;ANITA ŽIGMOND PREDUZETNIK, SAMOSTALNA ZANATSKA RADNJA LENĐEL METALOPLASTIKA, PALIĆ;Sedmog Jula 5;24413;Palić;/rs/634265/anita-zigmond-preduzetnik-samostalna-zanatska-radnja-lendjel-metaloplastika-palic/
55973415;METALOPLASTIKA;BULEVAR KRALJA ALEKSANDRA 297Š;11050;BEOGRAD-ZVEZDARA;/rs/339641/metaloplastika/
62362502;BRANKO PECELJ PREDUZETNIK, SZUR METALOPLASTIKA PECELJ, KRAGUJEVAC;BOŠKA BUHE 38;34000;KRAGUJEVAC;/rs/699236/branko-pecelj-preduzetnik-szur-metaloplastika-pecelj-kragujevac/
20521694;LEONI WIRING SYSTEMS SOUTHEAST DOO PROKUPLJE;PANE ĐUKIĆA 1;18400;PROKUPLJE;/rs/127863/leoni-wiring-systems-southeast-doo-prokuplje/
17831879;INDUSTRIJSKI SINDIKAT - LEONI PROKUPLJE;PANE ĐUKIĆA 1;18400;PROKUPLJE;/rs/890016/industrijski-sindikat-leoni-prokuplje/
17833995;SINDIKAT NEZAVISNOST -LEONI PROKUPLJE;PANA ĐUKIĆA 1;18400;PROKUPLJE;/rs/981034/sindikat-nezavisnost-leoni-prokuplje/
07583176;MING KOVAČNICA A.D.;Bulevar 12. februar 95;18104;Niš (Crveni Krst);/rs/137448/ming-kovacnica-a-d/
06285074;ELMOPROM DOO PIROT;NIKOLE PAŠIĆA 247;18300;PIROT;/rs/33595/elmoprom-doo-pirot/
08323186;DOO ELMOPROM NOVI SAD;DRAGE SPASIĆ 11;21000;Novi Sad;/rs/623/doo-elmoprom-novi-sad/
50315932;KRSTIĆ;MILUTINA VELIMIROVIĆA BB;18300;PIROT;/rs/147636/krstic/
08554129;NARCISSUS DOO ADA;MOLSKI PUT 3;24430;Ada;/rs/48642/narcissus-doo-ada/
08897646;APOTEKA NARCISSUS ZDRAVSTVENA USTANOVA;VUKA KARADŽIĆA 24;24430;Ada;/rs/488686/apoteka-narcissus-zdravstvena-ustanova/
64809881;NADEŽDA PEJČIĆ BUGARSKI PR NARCISSUS;Maršala Tita 13;24430;Ada;/rs/1125998/nadezda-pejcic-bugarski-pr-narcissus/
66276660;Aleksandra Đukić PR Umetničko stvaralaštvo slikarski studio Narcissus Beograd;ŽIVKA ŽIVKOVIĆA 33B;11309;Leštane;/rs/1310463/aleksandra-djukic-pr-umetnicko-stvaralastvo-slikarski-studio-narcissus-beograd/
07367619;FEMAN DOO JAGODINA;Vihorska 1;35000;JAGODINA;/rs/94165/feman-doo-jagodina/
06208894;BEOINOX DOO BEOGRAD;PRVA SUTJESKA 19 C;11060;BEOGRAD-PALILULA;/rs/31355/beoinox-doo-beograd/
21189073;MARS BALKAN EAST D.O.O.;OMLADINSKIH BRIGADA 88;11070;NOVI BEOGRAD;/rs/1041170/mars-balkan-east-d-o-o/
08203326;MARS DOO BEOČIN;TRG BEOČINSKE FABRIKE CEMENTA (BIZNIS PARK) 1;21300;Beočin;/rs/75398/mars-doo-beocin/
21011002;MARS SDT TEKSTIL DOO;Dimitrija Tucovića 2-4;36300;NOVI PAZAR;/rs/947335/mars-sdt-tekstil-doo/
17420097;MARS MUSIC DOO BEOGRAD;Sime Igumanova 16;11000;BEOGRAD;/rs/18846/mars-music-doo-beograd/
21128767;MARS C.T. NS DOO NOVI SAD;DANILA KIŠA 3, ULAZ V;21000;Novi Sad;/rs/1005921/mars-c-t-ns-doo-novi-sad/
62223561;MARS;BULEVAR VOŽDA KARAĐORĐA 74;34310;TOPOLA;/rs/761725/mars/
54675372;MARS;BOSANSKA 7;11420;SMEDEREVSKA PALANKA;/rs/274417/mars/
06366813;RTV MARŠ DOO VALJEVO;KARAĐORĐEVA 120;14000;VALJEVO;/rs/25083/rtv-mars-doo-valjevo/
54694865;MARS;NIKOLE PAŠIĆA BB;18000;NIŠ;/rs/275226/mars/
21574074;Mars Software d.o.o.;BULEVAR MIHAJLA PUPINA 6/19;11070;NOVI BEOGRAD;/rs/1241666/mars-software-d-o-o/
08798354;TELSONIC DOO KAĆ;Atar 95;21241;Kać;/rs/133711/telsonic-doo-kac/
20596678;AUTOINDUSTRIJA-FKL DOO TEMERIN;INDUSTRIJSKA ZONA BB;21235;Temerin;/rs/127112/autoindustrija-fkl-doo-temerin/
21335479;FEROCOOP DOO TEMERIN;Novosadska 333;21235;Temerin;/rs/1125040/ferocoop-doo-temerin/
08354138;FEROCOOP-COMMERCE DOO NOVI SAD;KAMENJAR III, KUĆA 161;21000;Novi Sad;/rs/87410/ferocoop-commerce-doo-novi-sad/
20290315;DRINA PLASTIKA-86 DOO, NOVA PAZOVA;ČETVRTA INDUSTRIJSKA 7;22330;Nova Pazova;/rs/4810/drina-plastika-86-doo-nova-pazova/
52608830;SAMOSTALNA RADNJA METALOPLASTIČARSKA, GUMARSKA I IZRADA UGLJENOGRAFITNIH ČETKICA METALIKA-Z VOLF ZORAN PREDUZETNIK, VOJKA;SVETOG SAVE 8;22313;Vojka;/rs/221652/samostalna-radnja-metaloplasticarska-gumarska-i-izrada-ugljenografitnih-cetkica-metalika-z-volf-zoran-preduzetnik-vojka/
52608821;VOLF GORAN PREDUZETNIK SAMOSTALNA RADNJA METALOPLASTIČARSKA GUMARSKA I IZRADA UGLJENOGRAFITNIH ČETKICA METALIKA-G VOJKA, VOJKA;SVETOG SAVE 8;22313;Vojka;/rs/221651/volf-goran-preduzetnik-samostalna-radnja-metaloplasticarska-gumarska-i-izrada-ugljenografitnih-cetkica-metalika-g-vojka-vojka/
07032501;UNIVERZITET U BEOGRADU - MAŠINSKI FAKULTET, BEOGRAD;KRALJICE MARIJE 16;11060;BEOGRAD-PALILULA;/rs/449615/univerzitet-u-beogradu-masinski-fakultet-beograd/
21646806;GAMMA PRO-ING DOO;VUKA KARADžIĆA 71;35000;JAGODINA;/rs/1276024/gamma-pro-ing-doo/
55227535;SMTR METALIKA DEJAN IVKOVIĆ PR, SOPOT;Milosava Vlajića 116e;11450;SOPOT;/rs/300031/smtr-metalika-dejan-ivkovic-pr-sopot/
21366862;NOVA METALIKA PROMET doo Beograd-Novi Beograd;Vinogradska 135 d;11070;NOVI BEOGRAD;/rs/1139579/nova-metalika-promet-doo-beograd-novi-beograd/
07960018;PREDUZEĆE ZA PROIZVODNJU PROMET I USLUGE METALIKA DOO UŽICE;Sarića Osoje bb;31000;Užice;/rs/104253/preduzece-za-proizvodnju-promet-i-usluge-metalika-doo-uzice/
52608830;SAMOSTALNA RADNJA METALOPLASTIČARSKA, GUMARSKA I IZRADA UGLJENOGRAFITNIH ČETKICA METALIKA-Z VOLF ZORAN PREDUZETNIK, VOJKA;SVETOG SAVE 8;22313;Vojka;/rs/221652/samostalna-radnja-metaloplasticarska-gumarska-i-izrada-ugljenografitnih-cetkica-metalika-z-volf-zoran-preduzetnik-vojka/
52608821;VOLF GORAN PREDUZETNIK SAMOSTALNA RADNJA METALOPLASTIČARSKA GUMARSKA I IZRADA UGLJENOGRAFITNIH ČETKICA METALIKA-G VOJKA, VOJKA;SVETOG SAVE 8;22313;Vojka;/rs/221651/volf-goran-preduzetnik-samostalna-radnja-metaloplasticarska-gumarska-i-izrada-ugljenografitnih-cetkica-metalika-g-vojka-vojka/
21191949;Metalika promet 1999 doo Osipaonica;Podunavska 55;11314;Osipaonica;/rs/1042269/metalika-promet-1999-doo-osipaonica/
20226617;METALIKA KACIN DOO BEOGRAD, SREMČICA;KIR-JANjINA 2;11250;BEOGRAD;/rs/84239/metalika-kacin-doo-beograd-sremcica/
17610856;METALIKA DOO LOZNICA;Prote Ignjata Vasića 12;15300;LOZNICA;/rs/67789/metalika-doo-loznica/
21464775;METALIKA BAUGERATE DOO;Milosava Vlajića 49e;11450;SOPOT;/rs/1190273/metalika-baugerate-doo/
20598034;METALIKA PLUS DOO VELIKI VRTOP;VELIKI VRTOP;18245;LIČKI HANOVI;/rs/131982/metalika-plus-doo-veliki-vrtop/
07363559;PREDUZEĆE EVROKOMERC DOO BRUS;Ive Lole Ribara 2;37220;BRUS;/rs/69530/preduzece-evrokomerc-doo-brus/
56639845;EVRO - KOMERC S.T.K.R. GORAN KLJUČEVIĆ;ROBNA PIJACA KIOSK BR. 27;32000;Čačak;/rs/378864/evro-komerc-s-t-k-r-goran-kljucevic/
20899425;DOO STAX TECHNOLOGIES KONJEVIĆI;KONJEVIĆI BB;32103;ČAČAK;/rs/887740/doo-stax-technologies-konjevici/
20241225;GOMMA LINE DOO KRAGUJEVAC;19. OKTOBRA 2;34000;KRAGUJEVAC;/rs/69177/gomma-line-doo-kragujevac/
21635553;Oldrati Gomma Line d.o.o.;19.oktobra 2;34000;KRAGUJEVAC;/rs/1271305/oldrati-gomma-line-d-o-o/
17286064;SIEMENS MOBILITY DOO CEROVAC;Sobovica BB;34321;DESIMIROVAC;/rs/115012/siemens-mobility-doo-cerovac/
08010536;HEMOFARM AD VRŠAC;BEOGRADSKI PUT BB;26300;VRŠAC;/rs/110077/hemofarm-ad-vrsac/
28255314;Društvo dobrovoljnih davalaca krvi Hemofarm Šabac;Hajduk Veljkova bb;15000;ŠABAC;/rs/1145395/drustvo-dobrovoljnih-davalaca-krvi-hemofarm-sabac/
08519510;FONDACIJA HEMOFARM;BEOGRADSKI PUT , BB;26300;VRŠAC;/rs/466185/fondacija-hemofarm/
08276633;HEMOFARM FRESENIUS D.O.O.;BEOGRADSKI PUT BB;26300;VRŠAC;/rs/465130/hemofarm-fresenius-d-o-o/
08868565;HEMOFARM TRANSPORT ŠPEDICIJA - NEZAVISNOST SINDIKAT;BEOGRADSKI PUT BB;26300;VRŠAC;/rs/800173/hemofarm-transport-spedicija-nezavisnost-sindikat/
17768549;"SAMOSTALNI SINDIKAT ""HEMOFARM"" ŠABAC";HAJDUK VELjKOVA BB;15000;ŠABAC;/rs/776883/samostalni-sindikat-hemofarm-sabac/
08849528;SAMOSTALNI SINDIKAT HEMOFARM VRŠAC;BEOGRADSKI PUT BB;26300;VRŠAC;/rs/769204/samostalni-sindikat-hemofarm-vrsac/
08918210;SINDIKAT KONCERN HEMOFARM NEZAVISNOST;BEOGRADSKI PUT BB;26300;VRŠAC;/rs/770736/sindikat-koncern-hemofarm-nezavisnost/
17809423;SINDIKAT NEZAVISNOST - HEMOFARM ŠABAC;HAJDUK VELJKOVA BB;15000;ŠABAC;/rs/779209/sindikat-nezavisnost-hemofarm-sabac/
17614053;SCGM DOO KRAGUJEVAC;19 OKTOBRA 2;34000;KRAGUJEVAC;/rs/6457/scgm-doo-kragujevac/
07249845;ZASTAVA ORUŽJE AD KRAGUJEVAC;Kosovska 4;34000;KRAGUJEVAC;/rs/136605/zastava-oruzje-ad-kragujevac/
17583581;ASNS - ZASTAVA ORUŽJE KRAGUJEVAC;TRG TOPOLIVACA 4;34000;KRAGUJEVAC;/rs/484136/asns-zastava-oruzje-kragujevac/
18378655;NEZAVISNI SINDIKAT ZASTAVA ORUŽJE A.D. KRAGUJEVAC;KOSOVSKA 4;34000;KRAGUJEVAC;/rs/1336544/nezavisni-sindikat-zastava-oruzje-a-d-kragujevac/
17626515;NEZAVISNI SINDIKAT ZASTAVA ORUŽJE KRAGUJEVAC;9. MAJA 89;34000;KRAGUJEVAC;/rs/772856/nezavisni-sindikat-zastava-oruzje-kragujevac/
17620860;SINDIKALNA ORGANIZACIJA ZASTAVA ORUŽJE DP;ŠPANSKIH BORACA 4;34000;KRAGUJEVAC;/rs/485075/sindikalna-organizacija-zastava-oruzje-dp/
17772481;"SINDIKAT ""NEZAVISNOST"" - ZASTAVA ORUŽJE A.D. KRAGUJEVAC";KOSOVSKA 4;34000;KRAGUJEVAC;/rs/776933/sindikat-nezavisnost-zastava-oruzje-a-d-kragujevac/
18375818;SINDIKAT ZASTAVA ORUŽJE A.D. SLOGA KRAGUJEVAC;;;;/rs/1325878/sindikat-zastava-oruzje-a-d-sloga-kragujevac/
17922033;ZAJEDNICA SINDIKATA SRBIJE-ZASTAVA ORUŽJE KRAGUJEVAC;KOSOVSKA 53;34000;KRAGUJEVAC;/rs/1347219/zajednica-sindikata-srbije-zastava-oruzje-kragujevac/
17881557;ZASTAVA ORUŽJE INDUSTRIJSKI SINDIKAT-AKCIONARSKO DRUŠTVO ZA PROIZVODNJU I PROMET ORUŽJA;KOSOVSKA 4;34000;KRAGUJEVAC;/rs/1085459/zastava-oruzje-industrijski-sindikat-akcionarsko-drustvo-za-proizvodnju-i-promet-oruzja/
17815571;ZASTAVA ORUŽJE KRAGUJEVAC;KOSOVSKA 4;34000;KRAGUJEVAC;/rs/778823/zastava-oruzje-kragujevac/
08827176;SKALA GARDEN DOO SUBOTICA;SEGEDINSKI PUT 90;24000;Subotica;/rs/37741/skala-garden-doo-subotica/
06161715;ARILJEMETAL DOO ARILJE GRDOVIĆI;GRDOVIĆI BB;31230;Arilje;/rs/77474/ariljemetal-doo-arilje-grdovici/
06356567;FAB DOO LUKAVAC VALJEVO;LUKAVAC BB;14222;Divci;/rs/24411/fab-doo-lukavac-valjevo/
21630420;FAB ING doo Valjevo;Lukavac BB;14222;Divci;/rs/1269166/fab-ing-doo-valjevo/
21765465;APEX WELD & FAB DOO BAČKA TOPOLA;MORAVSKA 23;24300;Bačka Topola;/rs/1330503/apex-weld-fab-doo-backa-topola/
21185248;FAB ATLAS DOO BEOGRAD;NOVICE CEROVIĆA 1A;11050;BEOGRAD-ZVEZDARA;/rs/1039293/fab-atlas-doo-beograd/
17307169;FAB GROUP DOO BEOGRAD;MILUTINA MILANKOVIĆA 146 II 6;11070;NOVI BEOGRAD;/rs/64563/fab-group-doo-beograd/
56826696;MET - ALVAR;;15311;DRAGINAC;/rs/530897/met-alvar/
51151780;SZR ZA IZRADU MET.GALANTERIJE;STEVICE JOVANOVIĆA 7;26205;Baranda;/rs/176987/szr-za-izradu-met-galanterije/
07093608;TEHNIČKI REMONTNI ZAVOD;DRAGIŠE MIŠOVIĆA 167;32000;Čačak;/rs/1087944/tehnicki-remontni-zavod/
17864904;TEHNIČKI REMONTNI ZAVOD NH;POŠTANSKI FAH 159;34000;KRAGUJEVAC;/rs/932940/tehnicki-remontni-zavod-nh/
07137923;ALFA-PLAM DOO VRANJE;RADNIČKA 1;17500;Vranje;/rs/129618/alfa-plam-doo-vranje/
56873813;ALFA - PLAM S.Z.R. PETAR STOJKOVIĆ;;16205;Bojnik;/rs/1086198/alfa-plam-s-z-r-petar-stojkovic/
28827628;"FONDACIJA ZA SOLIDARNU I SOCIJALNU POMOĆ ""ALFA PLAM"" A.D. VRANjE";RADNIČKA 1;17500;Vranje;/rs/951348/fondacija-za-solidarnu-i-socijalnu-pomoc-alfa-plam-a-d-vranje/
17691376;SINDIKALNA ORGANIZACIJA SAMOSTALNOG SINDIKATA METALACA SRBIJE ALFA-PLAM A.D. VRANJE;RADNIČKA 1;17500;Vranje;/rs/805479/sindikalna-organizacija-samostalnog-sindikata-metalaca-srbije-alfa-plam-a-d-vranje/
17089048;BORBENI SLOŽENI SISTEMI DOO;BULEVAR UMETNOSTI 2;11070;NOVI BEOGRAD;/rs/9585/borbeni-slozeni-sistemi-doo/
07639830;EROZIMAT DOO JAGODINA;Vihorska 10;35000;JAGODINA;/rs/35091/erozimat-doo-jagodina/
08755671;GASTEH DOO INĐIJA;KRALjA PETRA I 231;22320;Inđija;/rs/14121/gasteh-doo-indjija/
20923555;Inmold Group d.o.o. Požega;KNjAZA MILOŠA 70;31210;POŽEGA;/rs/904886/inmold-group-d-o-o-pozega/
21417700;Inmold Zona d.o.o.;Rača BB;31330;PRIBOJ;/rs/1166846/inmold-zona-d-o-o/
20544449;INMOLD-TKC DOO POŽEGA;VOJVODE MIŠIĆA 5;31210;POŽEGA;/rs/100893/inmold-tkc-doo-pozega/
08803374;KNOTT-AUTOFLEX YUG DOO BEČEJ;NOVOSADSKA 202;21220;Bečej;/rs/39770/knott-autoflex-yug-doo-becej/
20816457;N.V.M.UROŠ D.O.O.;ŠUMADIJSKA 2;11450;SOPOT;/rs/847158/n-v-m-uros-d-o-o/
07652992;PEŠTAN DOO BUKOVIK;PUT 1300 KAPLARA 188;34301;Bukovik;/rs/47301/pestan-doo-bukovik/
07422121;PEŠTAN DOO DRAŽEVAC;JUGOVIĆA KRAJ 250;11506;DRAŽEVAC;/rs/13419/pestan-doo-drazevac/
20581875;INSPIRIT WAT DOO VRBAS;DANILA BOJOVIĆA 172;21460;Vrbas;/rs/67053/inspirit-wat-doo-vrbas/
51114418;WAT;;17523;PREŠEVO;/rs/175219/wat/
66875903;ALEKSA CVRKALJ PREDUZETNIK ELEKTRO WAT SOLAR;BLAGOJA PAVLOVIĆA 7;22305;Stari Banovci;/rs/1384226/aleksa-cvrkalj-preduzetnik-elektro-wat-solar/
66536866;BORKO KNEŽEVIĆ PR ELEKTRIČARSKE USLUGE AKI-WAT KIKINDA;;23300;Kikinda;/rs/1343677/borko-knezevic-pr-elektricarske-usluge-aki-wat-kikinda/
65282291;EJUP RAMADANI PR ELEKTROSERVIS VINKLER WAT XE PREŠEVO;Zenel Ajdini BB;17523;PREŠEVO;/rs/1182589/ejup-ramadani-pr-elektroservis-vinkler-wat-xe-presevo/
63780391;EL-WAT;Franje Kluza 142 A;24000;Subotica;/rs/983085/el-wat/
60563594;GEG WAT;;32230;GUČA;/rs/584905/geg-wat/
64467891;IGOR DODIĆ PR NS WAT;BULEVAR CARA LAZARA 7;21000;Novi Sad;/rs/1076822/igor-dodic-pr-ns-wat/
63238449;SRĐAN DODIĆ PR ZANATSKA RADNJA WAT 021 NOVI SAD;BULEVAR CARA LAZARA 7/13;21000;Novi Sad;/rs/912284/srdjan-dodic-pr-zanatska-radnja-wat-021-novi-sad/
66856011;STOJAN JERINIĆ PR KOMBINOVANE KANCELARIJSKO-ADMINISTRATIVNE USLUGE WAT B BAJINA BAŠTA;MILENKA TRIŠIĆA-BIMBE 8;31250;Bajina Bašta;/rs/1381909/stojan-jerinic-pr-kombinovane-kancelarijsko-administrativne-usluge-wat-b-bajina-basta/
17347462;TEXIMP DOO BEOGRAD;SURČINSKI PUT 1B;11070;NOVI BEOGRAD;/rs/43975/teximp-doo-beograd/
21152706;TEXIMP IMMO DOO;SURČINSKI PUT 1B;11070;NOVI BEOGRAD;/rs/1024108/teximp-immo-doo/
20610131;JP ETV BEOGRAD;Kneza Višeslava 88;11030;BEOGRAD-ČUKARICA;/rs/117209/jp-etv-beograd/
20029188;JAT-TEHNIKA DOO BEOGRAD;11180 Beograd 59;11271;Surčin;/rs/73415/jat-tehnika-doo-beograd/
07623941;PREDUZEĆE ZA PROIZVODNJU KOČNE TEHNIKE PRVA PETOLETKA-KOČNA TEHNIKA AD TRSTENIK - U STEČAJU;Cara Dušana 101;37240;TRSTENIK;/rs/117152/preduzece-za-proizvodnju-kocne-tehnike-prva-petoletka-kocna-tehnika-ad-trstenik-u-stecaju/
07528574;DRAGER TEHNIKA DOO BEOGRAD;DANIJELOVA 12-16;11010;BEOGRAD-VOŽDOVAC;/rs/37457/drager-tehnika-doo-beograd/
17406345;TEHNIKA HIDRAULIKE ST DOO BEOGRAD;SVETOZARA RADOJČIĆA 80G;11000;BEOGRAD;/rs/49990/tehnika-hidraulike-st-doo-beograd/
08113114;TEHNIKA AD VRŠAC;DOSITEJEVA 11;26300;VRŠAC;/rs/76121/tehnika-ad-vrsac/
17063405;TEHNIKA K.B. D.O.O.;SURČINSKA 85;11070;NOVI BEOGRAD;/rs/19075/tehnika-k-b-d-o-o/
20449080;KONVEX-GASNA I VODO TEHNIKA DOO BEOGRAD;Batajnički Drum 299;11080;ZEMUN;/rs/133807/konvex-gasna-i-vodo-tehnika-doo-beograd/
21847780;W Asfaltna Tehnika d.o.o. Beograd-Zemun;BATAJNIČKI DRUM 4 DEO 14;11080;ZEMUN;/rs/1369229/w-asfaltna-tehnika-d-o-o-beograd-zemun/
20474386;NS UNION TEHNIKA DOO NOVI SAD;MIROSLAVA PRODANOVIĆA MICKA 6;21000;Novi Sad;/rs/35932/ns-union-tehnika-doo-novi-sad/
20609591;T-1 ABRAZIV DOO ADA;SENĆANSKI PUT 59B;24430;Ada;/rs/51819/t-1-abraziv-doo-ada/
50077683;T-1 RADNJA ZA METALOPRERAĐIVAČKU DELATNOST I TRGOVINU ZA PROMET ROBE NA VELIKO ARPAD TOT PREDUZETNIK ADA;Karađorđeva 60;24430;Ada;/rs/140724/t-1-radnja-za-metalopreradjivacku-delatnost-i-trgovinu-za-promet-robe-na-veliko-arpad-tot-preduzetnik-ada/
20240989;IDAS DOO MOL;8 .OKTOBRA 37;24435;Mol;/rs/80156/idas-doo-mol/
06046924;IDAS COMMERCE DOO BEOGRAD;GENERALA ŽDANOVA 12 3;11070;NOVI BEOGRAD;/rs/49988/idas-commerce-doo-beograd/
61616594;MILAN JAKŠIĆ PR, SAMOSTALNA METALOPRERAĐIVAČKA RADNJA I TRGOVINA ZA PROMET ROBE NA VELIKO I POSREDOVANJE IDAS SALAŠ-JAKŠIĆ MOL;SALAŠ 1;24435;Mol;/rs/650617/milan-jaksic-pr-samostalna-metalopreradjivacka-radnja-i-trgovina-za-promet-robe-na-veliko-i-posredovanje-idas-salas-jaksic-mol/
66483916;Ana Stekić pr STUDIO IDAS;USTANIČKA 180A;11050;BEOGRAD-ZVEZDARA;/rs/1338022/ana-stekic-pr-studio-idas/
66413799;Ida Seraj Eddin Perišić PR dizajnerske usluge Idas Factory Beograd;BABA-VIŠNjINA 19;11000;BEOGRAD;/rs/1328049/ida-seraj-eddin-perisic-pr-dizajnerske-usluge-idas-factory-beograd/
08959021;SINDIKALNA ORGANIZACIJA SAMOSTALNOG SINDIKATA METALACA SRBIJE IDAS D.O.O.;8.OKTOBRA 37;24435;Mol;/rs/1086956/sindikalna-organizacija-samostalnog-sindikata-metalaca-srbije-idas-d-o-o/
20123613;ELMETAL DOO SENTA;Eugena Savojskog 6;24400;Senta;/rs/85916/elmetal-doo-senta/
54935544;SAMOSTALNA ZANATSKA RADNJA ELMETAL NEDELJKOVIĆ RADOJE PR VIROVO;;31230;Arilje;/rs/285384/samostalna-zanatska-radnja-elmetal-nedeljkovic-radoje-pr-virovo/
21250244;ZUPČANIK DOO ADA;PROLETERSKA 11;24430;Ada;/rs/1075131/zupcanik-doo-ada/
63079863;MIHAJLO SAVIĆ PR ZUPČANIK-SAVIĆ 22;DONJA OMAŠICA;37242;STOPANJA;/rs/886202/mihajlo-savic-pr-zupcanik-savic-22/
67021843;SLAVICA STOJANOVIĆ PR ZUPČANIK PLUS;KNjAZA MILOŠA 4;18000;NIŠ;/rs/1401676/slavica-stojanovic-pr-zupcanik-plus/
55531013;ZUPČANIK-GŠ;PROLETERSKA 11;24430;Ada;/rs/315234/zupcanik-gs/
53461557;SR ZA IZRADU PREDMETA OD PLASTIKE I METALA INTERCROWN-PLASTIC JANKOVIĆ JOVAN PREDUZETNIK NOVA PAZOVA;Prva industrijska 1;22330;Nova Pazova;/rs/234140/sr-za-izradu-predmeta-od-plastike-i-metala-intercrown-plastic-jankovic-jovan-preduzetnik-nova-pazova/
08103763;LPO DOO ADA;29. NOVEMBRA BB;24430;Ada;/rs/51802/lpo-doo-ada/
08913218;SINDIKALNA ORGANIZACIJA LIVNICA PRECIZNIH ODLIVAKA A.D. ADA;29.NOVEMBAR BB;24430;Ada;/rs/771175/sindikalna-organizacija-livnica-preciznih-odlivaka-a-d-ada/
21747432;TARA BUSINESS GROUP DOO;CARA DUŠANA NEMANjIĆA 106;34321;DESIMIROVAC;/rs/1323286/tara-business-group-doo/
21411256;TARA GROUP INC. DOO;Zmaj Jove Jovanovića 1;26000;Pančevo;/rs/1162932/tara-group-inc-doo/
08583587;LILLY TRADE DOO SENTA;KARAĐORĐEVA 37A;24400;Senta;/rs/29207/lilly-trade-doo-senta/
08326851;JBO DOO NOVA PAZOVA;Prva južna radna bb;22330;Nova Pazova;/rs/94229/jbo-doo-nova-pazova/
21237353;JOKEY BG INVEST DOO NOVA PAZOVA;Prva južna radna bb;22330;Nova Pazova;/rs/1067741/jokey-bg-invest-doo-nova-pazova/
52228352;SIN-KOM;RADNIČKA 1A;18300;PIROT;/rs/209754/sin-kom/
56320164;SINKOM S.Z.P.R. SINIŠA RAKIĆ;ĆIRKOVA BB;31300;PRIJEPOLJE;/rs/836471/sinkom-s-z-p-r-sinisa-rakic/
61949488;SZR SINKOM SINIŠA MIĆEVIĆ PREDUZETNIK VETERNIK;Sofije Pasković 14;21203;Veternik;/rs/756011/szr-sinkom-sinisa-micevic-preduzetnik-veternik/
06979408;UNIOR COMPONENTS D.O.O. Kragujevac;KOSOVSKA 4;34000;KRAGUJEVAC;/rs/117023/unior-components-d-o-o-kragujevac/
17084585;UNIOR TEOS ALATI DOO BEOGRAD;Subotička 23/2;11050;BEOGRAD-ZVEZDARA;/rs/137110/unior-teos-alati-doo-beograd/
17653202;NEZAVISNOST-UNIOR COMPONENTS DOO;TRG TOPOLIVACA 4;34000;KRAGUJEVAC;/rs/486640/nezavisnost-unior-components-doo/
51065930;UNIOR;M. POPOVIĆ 62;;;/rs/172796/unior/
55873798;UNIOR S. Z. R. JASMINA ĆURKIĆ;8. MART 60;36300;NOVI PAZAR;/rs/900400/unior-s-z-r-jasmina-curkic/
17866478;SINDIKAT NEZAVISNOST ZASTAVA INPRO D.O.O.;KOSOVSKA 4;34000;KRAGUJEVAC;/rs/1058343/sindikat-nezavisnost-zastava-inpro-d-o-o/
08268576;VIPOL DOO NOVI SAD;APATINSKA 4;21000;Novi Sad;/rs/3650/vipol-doo-novi-sad/
56052470;VIPOL SAMOSTALNO ZANATSKA RADNJA, ALEKSIĆ STEVAN;JUŽNI BULEVAR 144;11104;Beograd (Vračar);/rs/343966/vipol-samostalno-zanatska-radnja-aleksic-stevan/
52445914;VIPOL S.Z.R. VESNA ĐERI;VIDOVDANSKA 1;21000;Novi Sad;/rs/216454/vipol-s-z-r-vesna-djeri/
07402384;VOSSLOH MIN SKRETNICE DOO NIŠ;Bulevar 12. februar bb;18104;Niš (Crveni Krst);/rs/129844/vossloh-min-skretnice-doo-nis/
20783907;TRGOPREVOZ DAS DOO POŽAREVAC;BAJE SEKULIĆ BB;12000;POŽAREVAC;/rs/828499/trgoprevoz-das-doo-pozarevac/
20559527;TRGOPREVOZ-JOLOVIĆ DOO IVANJICA;DUBRAVA BB;32252;PRILIČKI KISELJAK;/rs/97473/trgoprevoz-jolovic-doo-ivanjica/
07576617;ORTAČKO DRUŠTVO ZA PROIZVODNJU, TRGOVINU I USLUGE TRGO-PREVOZ-DJOKOVIĆI OD DUBRAVA, IVANJICA;DUBRAVA BB;32252;PRILIČKI KISELJAK;/rs/91671/ortacko-drustvo-za-proizvodnju-trgovinu-i-usluge-trgo-prevoz-djokovici-od-dubrava-ivanjica/
65973464;ZLATKO PANTIĆ PR TRGO-PREVOZ 64;Šume BB;34313;NATALINCI;/rs/1270665/zlatko-pantic-pr-trgo-prevoz-64/
54167385;IVAN ANDRIĆ PR PROIZVODNJA METALNIH PROIZVODA I TRGOVINA FRESKOP VALJEVO;DIMITRIJA TUCOVIĆA BB;14000;VALJEVO;/rs/255682/ivan-andric-pr-proizvodnja-metalnih-proizvoda-i-trgovina-freskop-valjevo/
20091754;AKVAMONT DOO NOVI SAD;Bulevar Oslobođenja 42;21000;Novi Sad;/rs/29628/akvamont-doo-novi-sad/
08327599;AKVA-MONT DOO NOVI SAD;TEMERINSKI PUT 2V;21000;Novi Sad;/rs/119859/akva-mont-doo-novi-sad/
65075130;JELENA RADULOVIĆ PR POSTAVLJANJE VODOVODNIH I KANALIZACIONIH SISTEMA AKVAMONT NK KRALJEVO;Cara Dušana 038 A;36000;KRALJEVO;/rs/1157999/jelena-radulovic-pr-postavljanje-vodovodnih-i-kanalizacionih-sistema-akvamont-nk-kraljevo/
56568646;AKVA-MONT SZR;DR IVANA RIBARA 184;11070;NOVI BEOGRAD;/rs/794855/akva-mont-szr/
53165249;AKVAMONT SAMOSTALNA VODOINSTALATERSKA RADNJA, ALEKSANDAR RADOSAVLJEVIĆ;MIĆA RADAKOVIĆA 11;11080;ZEMUN;/rs/226702/akvamont-samostalna-vodoinstalaterska-radnja-aleksandar-radosavljevic/
66989313;Atila Lacko pr Akvamont-Atila;ALMAŠKA 8;21235;Temerin;/rs/1398260/atila-lacko-pr-akvamont-atila/
65638975;NENAD ŠOJIĆ PR POSTAVLjANjE VODOVODNIH I KANALIZACIONIH SISTEMA AKVA MONT PLUS POŽEGA;Zdravčići BB;31210;POŽEGA;/rs/1226348/nenad-sojic-pr-postavljanje-vodovodnih-i-kanalizacionih-sistema-akva-mont-plus-pozega/
66091392;RADE NOVIČIĆ PR AKVA MONT 032;;32232;Goračići;/rs/1287004/rade-novicic-pr-akva-mont-032/
67243846;RADOJE UROŠEVIĆ PR POSTAVLJANJE VODOVODNIH, KANALIZACIONIH, GREJNIH I KLIMATIZACIONIH SISTEMA AKVAMONT BB PLUS BAJINA BAŠTA;BOŠKA BUHE 17;31250;Bajina Bašta;/rs/1426769/radoje-urosevic-pr-postavljanje-vodovodnih-kanalizacionih-grejnih-i-klimatizacionih-sistema-akvamont-bb-plus-bajina-basta/
60847525;SAMOSTALNA ZANATSKA RADNJA AKVAMONT RADOSLAV KORICA PR KULA;JAKOVA IGNJATOVIĆA 124;25230;Kula;/rs/603105/samostalna-zanatska-radnja-akvamont-radoslav-korica-pr-kula/
07006357;INSA AD BEOGRAD;TRŠĆANSKA 21;11080;ZEMUN;/rs/83410/insa-ad-beograd/
08217190;INSA-OIL 021 DOO KULA;ISE SEKICKOG 63;25230;Kula;/rs/106593/insa-oil-021-doo-kula/
21817724;INSA K.M.A. FIELDS doo Beograd;TRŠĆANSKA 21;11080;ZEMUN;/rs/1355633/insa-k-m-a-fields-doo-beograd/
21055646;REDWOOD IN.S.A D.O.O. BEOGRAD;Cara Dušana 70;11000;BEOGRAD;/rs/1165477/redwood-in-s-a-d-o-o-beograd/
17816217;AEROKLUB INSA;TRŠĆANSKA 21/2;11080;ZEMUN;/rs/779332/aeroklub-insa/
17755064;INSA ŠAHOVSKI KLUB;TRŠĆANSKA 21;11080;ZEMUN;/rs/496744/insa-sahovski-klub/
17891898;SINDIKALNA ORGANIZACIJA SAMOSTALNOG SINDIKATA INSA A.D. BEOGRAD;TEŠČANSKA 21;11080;ZEMUN;/rs/1085475/sindikalna-organizacija-samostalnog-sindikata-insa-a-d-beograd/
17696092;S.O.SAM.SIN.INSAAD ZEMUN;TRŠĆANSKA 21;11080;ZEMUN;/rs/773619/s-o-sam-sin-insaad-zemun/
66027767;Suzana Arnautović pr Proizvodnja i servisiranje prikolica i poluprikolica INSA ROAD Smederevska Palanka;GLAVAŠEVA 100;11420;SMEDEREVSKA PALANKA;/rs/1277665/suzana-arnautovic-pr-proizvodnja-i-servisiranje-prikolica-i-poluprikolica-insa-road-smederevska-palanka/
28788924;"ŠAHOVSKI KLUB ""INSA""";TRŠĆANSKA 21;11080;ZEMUN;/rs/891513/sahovski-klub-insa/
08749990;EUROTEHNA-021 DOO NOVI SAD;ŽELEZNIČKA 12;21000;Novi Sad;/rs/12264/eurotehna-021-doo-novi-sad/
61129197;EUROTEHNA;STEPE STEPANOVIĆA 7;31250;Bajina Bašta;/rs/738671/eurotehna/
20082151;NSV EUROTEHNA DOO NOVI SAD;JOVANA HRANILOVIĆA 26;21000;Novi Sad;/rs/26/nsv-eurotehna-doo-novi-sad/
17453416;PRIMERO RENT A CAR DOO BEOGRAD;VASE PELAGIĆA 38;11040;BEOGRAD;/rs/14322/primero-rent-a-car-doo-beograd/
20172274;S-RENT DOO BEOGRAD;Milutina Milankovića 3 A;11070;NOVI BEOGRAD;/rs/72622/s-rent-doo-beograd/
21036099;URMA RENT DOO NOVI SAD;SENTANDREJSKI PUT 165;21000;Novi Sad;/rs/956621/urma-rent-doo-novi-sad/
20305487;PIRAEUS RENT DOO BEOGRAD;Makenzijeva 57;11000;BEOGRAD;/rs/29447/piraeus-rent-doo-beograd/
20407859;AAA-1 RENT DOO;ŽORŽA KLEMANSOA 19;11000;BEOGRAD;/rs/9094/aaa-1-rent-doo/
20126825;Raiffeisen Rent d.o.o.;Đorđa Stanojevića 16;11070;NOVI BEOGRAD;/rs/26859/raiffeisen-rent-d-o-o/
21281859;EURO KB RENT doo Beograd-Voždovac;LJUBE ČUPE 5;11010;BEOGRAD-VOŽDOVAC;/rs/1092740/euro-kb-rent-doo-beograd-vozdovac/
21666874;MK OFFICE RENT doo;BULEVAR ARSENIJA ČARNOJEVIĆA 59A;11070;NOVI BEOGRAD;/rs/1285590/mk-office-rent-doo/
20432748;CITY RENT A CAR DOO BEOGRAD;Bulevar Zorana Đinđića 59/23;11070;NOVI BEOGRAD;/rs/76234/city-rent-a-car-doo-beograd/
20144262;ALPHA RENT DOO BEOGRAD;MIRIJEVSKI BULEVAR 18B;11000;BEOGRAD;/rs/126564/alpha-rent-doo-beograd/
62494107;DARKO ORELJ PR, RUČNA I MAŠINSKA OBRADA METALA ORELJ NOVA PAZOVA;CVIJE KUKOLJA 40;22330;Nova Pazova;/rs/707258/darko-orelj-pr-rucna-i-masinska-obrada-metala-orelj-nova-pazova/
65326809;MILICA ORELJ PR PANN PETS SOMBOR;VENAC VOJVODE PETRA BOJOVIĆA 24;25000;Sombor;/rs/1188555/milica-orelj-pr-pann-pets-sombor/
55876606;LOCO;BRAĆE MAJER 3;24000;Subotica;/rs/334060/loco/
64463934;NADA ORELJ PR NADA COOL;Svetosavska 12;21241;Kać;/rs/1076011/nada-orelj-pr-nada-cool/
61188681;NIKOLA ORELJ PR AUTOSERVIS ORELJ ND KAĆ;KRALJA PETRA PRVOG 82;21241;Kać;/rs/623351/nikola-orelj-pr-autoservis-orelj-nd-kac/
65757788;NIKOLINA ORELJ PR ARKADIA 021;Bulevar Evrope 19;21000;Novi Sad;/rs/1242936/nikolina-orelj-pr-arkadia-021/
66106497;RADOJKA ORELJ PR FRIZERSKI SALON LUX NENA VETERNIK;MIJE ALEKSIĆA 2A;21203;Veternik;/rs/1288921/radojka-orelj-pr-frizerski-salon-lux-nena-veternik/
63955825;DUŠAN ORELJ PR ORELJ TIM;SLAVKA RODIĆA 20;21400;Bačka Palanka;/rs/1007559/dusan-orelj-pr-orelj-tim/
08816204;JUHAS & ORELJ DOO;PETEFI ŠANDORA 46 C;25260;Apatin;/rs/122047/juhas-orelj-doo/
56117270;ADVOKAT, ZORAN ORELJ;SVETOG SAVE 4;25260;Apatin;/rs/348148/advokat-zoran-orelj/
17400169;SERVOTEH DOO DOBANOVCI;Ugrinovačka 163;11272;Dobanovci;/rs/33672/servoteh-doo-dobanovci/
53732364;SZR MODUL GABOR FURSTNER PREDUZETNIK SUBOTICA;ŠAJKAŠKA 13;24000;Subotica;/rs/242164/szr-modul-gabor-furstner-preduzetnik-subotica/
61209522;MLADEN BASTAJIĆ PR, SZR MODUL TEMERIN;NIKOLE TESLE 18;21235;Temerin;/rs/625527/mladen-bastajic-pr-szr-modul-temerin/
55006679;MODUL BVD;BULEVAR DOSITEJA OBRADOVIĆA 40/4;15300;LOZNICA;/rs/289098/modul-bvd/
52398223;MODUL S.Z.R. BRANISLAV TRIFUNOVIĆ;VOJVOĐANSKA 15;37000;KRUŠEVAC;/rs/214932/modul-s-z-r-branislav-trifunovic/
61399771;UROŠ MRKŠIĆ PR, SAMOSTALNA METALOPRERAĐIVAČKA I PLASTIČARSKA RADNJA ALATNICA, ADA;JNA 62;24430;Ada;/rs/637387/uros-mrksic-pr-samostalna-metalopreradjivacka-i-plasticarska-radnja-alatnica-ada/
52607876;REDUKTOR;BULEVAR JOVANA DUČIĆA 29;22330;Nova Pazova;/rs/221620/reduktor/
20496347;REDUKTOR DOO MLADENOVAC;Kraljice Marije 8/3;11400;MLADENOVAC;/rs/93849/reduktor-doo-mladenovac/
67110862;MILAN CAKIĆ PR REDUKTOR-PLAST;BULEVAR JOVANA DUČIĆA 29;22330;Nova Pazova;/rs/1411869/milan-cakic-pr-reduktor-plast/
07412061;GS EVROMETAL DOO SVILAJNAC;BRAĆE PROTIĆ 41;35210;SVILAJNAC;/rs/110031/gs-evrometal-doo-svilajnac/
08231354;DRUŠTVO SA OGRANIČENOM ODGOVORNOŠĆU FITING ZA METALOPRERADJIVAČKU DELATNOST PO, ŠID;Gibarački put BB;22240;Šid;/rs/33732/drustvo-sa-ogranicenom-odgovornoscu-fiting-za-metalopreradjivacku-delatnost-po-sid/
53505562;STEVO VIDARIĆ PR, FITING, NOVI SAD;Veliki rit 9B;21000;Novi Sad;/rs/235527/stevo-vidaric-pr-fiting-novi-sad/
64009443;SRĐAN MILJKOVIĆ PR FITING PLUS;MILOŠA OBILIĆA 86;22330;Nova Pazova;/rs/1015841/srdjan-miljkovic-pr-fiting-plus/
63832367;DRAGAN TOMIĆ PREDUZETNIK TRGOVINSKO ZANATSKA RADNJA SREM FITING RUMA;ŽELEZNIČKA 135;22400;RUMA;/rs/992165/dragan-tomic-preduzetnik-trgovinsko-zanatska-radnja-srem-fiting-ruma/
63956457;TOPLICA KNEŽEVIĆ PR FITING TERM;STANOJA TOMIĆA 32;35230;ĆUPRIJA;/rs/1007732/toplica-knezevic-pr-fiting-term/
17208390;FITING DOO BEOGRAD, STARI GRAD;VISOKOG STEVANA 18;11000;BEOGRAD;/rs/72778/fiting-doo-beograd-stari-grad/
65751780;MARINA VASIĆ PR VODOINSTALATERSKA RADNJA FITING MMMV STARČEVO;Subotička ulica 5;26232;Starčevo;/rs/1242153/marina-vasic-pr-vodoinstalaterska-radnja-fiting-mmmv-starcevo/
50264670;SAMOST.TRGOV.RADNJA FITING KOVACEVIC BRANISLAVA KRALJEVO;KOVANLUCKA 8;36000;KRALJEVO;/rs/146177/samost-trgov-radnja-fiting-kovacevic-branislava-kraljevo/
60175349;LIMAR ZR;BAČKA 87;23000;Zrenjanin;/rs/394170/limar-zr/
07924577;IGMA INŽENJERING DOO BEOGRAD;LIČKA 17;11211;Borča;/rs/38317/igma-inzenjering-doo-beograd/
17164562;ISICO;MILOVANA NIĆIFOROVIĆA 45;11000;BEOGRAD;/rs/34422/isico/
53356842;KB ARMATURE;RADNIČKA 5A;11030;BEOGRAD-ČUKARICA;/rs/230156/kb-armature/
07327153;MB - NAMENSKA AD LUČANI;MR RADOŠA MILOVANOVIĆA 2A;32240;LUČANI;/rs/30680/mb-namenska-ad-lucani/
17632302;SINDIKALNA ORGANIZACIJA MILAN BLAGOJEVIĆ-NAMENSKA A.D. LUČANI;RADNIČKA BB;32240;LUČANI;/rs/772867/sindikalna-organizacija-milan-blagojevic-namenska-a-d-lucani/
52444349;MIKRON;SIRMAJI KAROLJA 17;21235;Temerin;/rs/216380/mikron/
56848037;MIKRON;Rastka Petrovića 29;37000;KRUŠEVAC;/rs/531238/mikron/
60577676;MIKRON-RV;KARAĐORĐEVA 24;15320;LJUBOVIJA;/rs/585087/mikron-rv/
55964467;MIKRON S.Z.R.;RUZVELTOVA 24;11050;BEOGRAD-ZVEZDARA;/rs/792926/mikron-s-z-r/
50982661;MIKRON S.Z.R. RADOMIR PETROVIĆ;RADOMIRA AVRAMOVIĆA 29;37000;KRUŠEVAC;/rs/169286/mikron-s-z-r-radomir-petrovic/
50534073;SZR MIKRON;SIME ŠOLAJE 88;21410;Futog;/rs/153910/szr-mikron/
51554060;SZR MIKRON;400;;;/rs/191487/szr-mikron/
07468768;TERMOINŽENJERING DOO BEOGRAD;MILOJA ĐAKA 2;11000;BEOGRAD;/rs/11249/termoinzenjering-doo-beograd/
07741731;DAVID PAJIĆ DAKA DOO;Dunavska 67;11060;BEOGRAD-PALILULA;/rs/29485/david-pajic-daka-doo/
20168617;BETA UNION DOO BEOGRAD;MILOJA ĐAKA 12 B;11000;BEOGRAD;/rs/34098/beta-union-doo-beograd/
07583435;DAKA-DOLJEVAC DOO KOČANE;;18410;Doljevac;/rs/85662/daka-doljevac-doo-kocane/
21445487;GVF Plants d.o.o.;Miloja Đaka 2 A;11000;BEOGRAD;/rs/1181227/gvf-plants-d-o-o/
21647632;LV6 RESIDENCE DOO;MILOJA ĐAKA 12B;11000;BEOGRAD;/rs/1276432/lv6-residence-doo/
20950455;EMDIRO CONSULTANTS SERVICES DOO BEOGRAD;MILOJA ĐAKA 16;11000;BEOGRAD;/rs/917941/emdiro-consultants-services-doo-beograd/
21009318;BACCA BLU D.O.O. BEOGRAD;MILOJA ĐAKA 16 1, 8;11000;BEOGRAD;/rs/943386/bacca-blu-d-o-o-beograd/
17177508;BLUE BELL DOO BEOGRAD;MILOJA ĐAKA 28;11000;BEOGRAD;/rs/39641/blue-bell-doo-beograd/
21457701;VANA LUX doo Beograd-Savski Venac;Miloja Đaka 2a;11000;BEOGRAD;/rs/1187141/vana-lux-doo-beograd-savski-venac/
07631634;ZASTAVA KOVAČNICA AD KRAGUJEVAC;Kosovska 4b;34000;KRAGUJEVAC;/rs/120949/zastava-kovacnica-ad-kragujevac/
27005721;DUŽNIK STEČAJNE MASE: AKCIONARSKO DRUŠTVO ZA PROIZVODNJU I PROMET OTKOVAKA ZASTAVA KOVAČNICA, KRAGUJ;KOSOVSKA 4B;34000;KRAGUJEVAC;/rs/1109129/duznik-stecajne-mase-akcionarsko-drustvo-za-proizvodnju-i-promet-otkovaka-zastava-kovacnica-kraguj/
17626965;ZASTAVA KOVAČNICA S.S.;TRG. TOPOLIVACA 4;34000;KRAGUJEVAC;/rs/804668/zastava-kovacnica-s-s/
61341269;MOMČILO LAZOVIĆ PR, SAMOSTALNA ZANATSKA RADNJA ALATNICA M, ČAČAK;KRALJA PETRA PRVOG 6;32000;Čačak;/rs/633530/momcilo-lazovic-pr-samostalna-zanatska-radnja-alatnica-m-cacak/
17299778;SWISSMECHANIC DOO BOBOVO, SVILAJNAC;BOBOVO BB;35217;Bobovo;/rs/96722/swissmechanic-doo-bobovo-svilajnac/
08117861;SREDNjA MAŠINSKA ŠKOLA NOVI SAD;BULEVAR KRALJA PETRA PRVOG 38;21000;Novi Sad;/rs/463430/srednja-masinska-skola-novi-sad/
62599952;MIRJANA VEĆKALOV PR KROJAČKA RADNJA MIA STIL BEOGRAD (NOVI BEOGRAD);Jurija Gagarina 149a;11070;NOVI BEOGRAD;/rs/817499/mirjana-veckalov-pr-krojacka-radnja-mia-stil-beograd-novi-beograd/
07623968;PPT-INDUSTRIJSKA PNEUMATIKA AD - U STEČAJU;CARA DUŠANA 101;37240;TRSTENIK;/rs/117749/ppt-industrijska-pneumatika-ad-u-stecaju/
17905058;SINDIKAT PPT INDUSTRIJSKA PNEUMATIKA NEZAVISNOST TRSTENIK;CARA DUŠANA 101;37240;TRSTENIK;/rs/1087353/sindikat-ppt-industrijska-pneumatika-nezavisnost-trstenik/
08071276;LUKA DUNAV AD PANČEVO;LUKA DUNAV 1;26000;Pančevo;/rs/47650/luka-dunav-ad-pancevo/
07163070;DUNAV AD;17. OKTOBAR 12;11300;SMEDEREVO;/rs/111769/dunav-ad/
07030550;DUNAV AD GROCKA;Bulevar revolucije 15;11306;GROCKA;/rs/83711/dunav-ad-grocka/
20495464;DUNAV GRUPA AGREGATI AD NOVI SAD - U STEČAJU;SUBOTIČKA 76;21000;Novi Sad;/rs/74642/dunav-grupa-agregati-ad-novi-sad-u-stecaju/
08760225;VD DUNAV AD BAČKA PALANKA;TRG BRATSTVA I JEDINSTVA 21;21400;Bačka Palanka;/rs/129966/vd-dunav-ad-backa-palanka/
08044422;A.D. U.T. DUNAV KOVIN - U STEČAJU;KNIĆANINOVA 1;26220;Kovin;/rs/109299/a-d-u-t-dunav-kovin-u-stecaju/
17411233;DUNAV DRUŠTVO ZA UPRAVLJANJE DOBROVOLJNIM PENZIJSKIM FONDOM AD BEOGRAD (STARI GRAD);Knez Mihailova 10;11000;BEOGRAD;/rs/90107/dunav-drustvo-za-upravljanje-dobrovoljnim-penzijskim-fondom-ad-beograd-stari-grad/
17326341;DUNAV OSIGURANJE A.D. UDRUŽENJE PENZIONERA DUNAV GRUPE, KOMPANIJE;DOBRAČINA 1;11102;Beograd (Stari Grad);/rs/772381/dunav-osiguranje-a-d-udruzenje-penzionera-dunav-grupe-kompanije/
17447475;DUNAV SINDIKALNA ORGANIZACIJA ZA BOLJE BRODOGRADILIŠTE A.D.;KANALSKA OBALA/BB;25000;Sombor;/rs/1107498/dunav-sindikalna-organizacija-za-bolje-brodogradiliste-a-d/
08840571;DUNAV SINDIKAT LUKA A.D.;PRISTANIŠNA ZONA BB;26000;Pančevo;/rs/472251/dunav-sindikat-luka-a-d/
21606499;CAT GRADNJA 2020 DOO PETROVARADIN;Preradovićeva 97;21132;Petrovaradin;/rs/1257405/cat-gradnja-2020-doo-petrovaradin/
21785512;Candy Cat d.o.o.;VLADIMIRA POPOVIĆA 38-40;11070;NOVI BEOGRAD;/rs/1339437/candy-cat-d-o-o/
06076718;CAT DOO ČAČAK;ČAČANSKI BATALjON 24;32000;Čačak;/rs/89503/cat-doo-cacak/
20642980;CAT RECYCLING;Pobede 42;18118;Hum;/rs/109450/cat-recycling/
20760494;RED CAT DOO GRDELICA;ŽELEZNIČKA BB;16220;GRDELICA;/rs/822391/red-cat-doo-grdelica/
21111651;CAT CARS DOO;Trgovačka 18;11030;BEOGRAD-ČUKARICA;/rs/997957/cat-cars-doo/
21856851;CAT CARGO DOO;OMLADINSKA 32;21000;Novi Sad;/rs/1373385/cat-cargo-doo/
06012230;CAT DOO BEOGRAD;OSLOBOĐENjA 2K;11194;Rušanj;/rs/19710/cat-doo-beograd/
20713623;RED CAT CONCEPT DOO NOVI SAD - U LIKVIDACIJI;BULEVAR CARA LAZARA 69 XV, 63;21000;Novi Sad;/rs/489608/red-cat-concept-doo-novi-sad-u-likvidaciji/
21572225;BLACK CAT WEB EDUCATION DOO;Zage Malivuk 24;11130;Kaluđerica;/rs/1241258/black-cat-web-education-doo/
17522124;PRO TENT D.O.O. OBRENOVAC;SAVSKA 24;11500;OBRENOVAC;/rs/117197/pro-tent-d-o-o-obrenovac/
17098110;"Fudbalski Klub veterana ""TENT 1994""";BOGOLJUBA UROŠEVIĆA-CRNOG 44;11500;OBRENOVAC;/rs/384151/fudbalski-klub-veterana-tent-1994/
17670999;PRO TENT ODBOJKAŠKI KLUB;POLJAČKI KRAJ BB;11500;OBRENOVAC;/rs/387316/pro-tent-odbojkaski-klub/
17606867;PRO TENT ŽENSKI KOŠARKAŠKI KLUB;KRALJA ALEKSANDRA PRVOG 55/D;11500;OBRENOVAC;/rs/484740/pro-tent-zenski-kosarkaski-klub/
17742086;SAVA - TENT SINDIKALANA ORGANIZACIJA RADNIKA;MILOŠA OBRENOVIĆA 189;11500;OBRENOVAC;/rs/775773/sava-tent-sindikalana-organizacija-radnika/
17238205;SD TENT;BOGOLJUBA UROŠEVIĆA-CRNOG 44;11500;OBRENOVAC;/rs/384601/sd-tent/
17640844;SIND.ORG.SAVA TENT-USLUGE;BOGOLJUBA UROŠEVIĆA-CRNOG 44;;;/rs/485982/sind-org-sava-tent-usluge/
17790790;"SINDIKAT ""NEZAVISNOST"" - PROTENT";"SAVSKA (KRUG TENT ""B"") BB";11500;OBRENOVAC;/rs/777340/sindikat-nezavisnost-protent/
17606328;SINDIKAT RADNIKA ELEKTROPRIVREDE - SINDIKAT RADNIKA JP TENT - SINDIKALNA ORGANIZACIJA PRO TENT;UŠĆE BB;11500;OBRENOVAC;/rs/484714/sindikat-radnika-elektroprivrede-sindikat-radnika-jp-tent-sindikalna-organizacija-pro-tent/
17801678;SINDIKAT SMENSKIH RADNIKA TENT-JP EPS;BOGOLjUBA UROŠEVIĆA - CRNOG 44;11500;OBRENOVAC;/rs/779164/sindikat-smenskih-radnika-tent-jp-eps/
08274304;DOO FERMES BUKOVAC;Kralja Petra Prvog 70;21209;Bukovac;/rs/114501/doo-fermes-bukovac/
20730986;SIGIT DOO KRAGUJEVAC;OKTOBARSKIH ŽRTAVA BB;34202;GROŠNICA;/rs/509533/sigit-doo-kragujevac/
20429534;MULTITEST DOO BEČEJ;TOPOLSKI PUT 65;21220;Bečej;/rs/29055/multitest-doo-becej/
17612646;MPK TREJD DOO VALJEVO;BRANKA RADIČEVIĆA 17;14000;VALJEVO;/rs/48197/mpk-trejd-doo-valjevo/
08762724;DOO ALATNICA-BOKAN R&M FUTOG;Industrijska 82;21410;Futog;/rs/77528/doo-alatnica-bokan-r-m-futog/
08783063;TIM SISTEM DOO NOVA PAZOVA;PRVA INDUSTRIJSKA 9;22330;Nova Pazova;/rs/137321/tim-sistem-doo-nova-pazova/
21723312;TIM SISTEM INVEST DOO;Prva industrijska 9;22330;Nova Pazova;/rs/1313142/tim-sistem-invest-doo/
17383124;WP TIM SISTEM DOO BEOGRAD;Kneginje Zorke 2;11000;BEOGRAD;/rs/87799/wp-tim-sistem-doo-beograd/
20443529;TIM INŽENJERING SISTEM DOO NOVI SAD;BRAĆE RIBNIKAR 29;21000;Novi Sad;/rs/15017/tim-inzenjering-sistem-doo-novi-sad/
20311304;TIM SISTEM PLUS DOO BEOGRAD;STEVANA SINĐELIĆA 16 J;11000;BEOGRAD;/rs/34492/tim-sistem-plus-doo-beograd/
55949107;TIM-SISTEM;Knjaževačka 158/1;18103;NIŠ;/rs/338327/tim-sistem/
21384801;Mirrad tim sistem doo Novi Sad;BULEVAR OSLOBOĐENjA 15;21000;Novi Sad;/rs/1148655/mirrad-tim-sistem-doo-novi-sad/
17212117;TIM-SISTEM DOO ČAČAK;DR DRAGIŠE MIŠOVIĆA 64;32000;Čačak;/rs/93151/tim-sistem-doo-cacak/
20842873;TOMIĆ TIM SISTEM DOO;OPLENAČKA 44 B;11090;BEOGRAD-RAKOVICA;/rs/858364/tomic-tim-sistem-doo/
64328450;ALEKSANDRA ZLATKOVIĆ PREDUZETNIK GRAĐEVINSKA RADNJA TIM SISTEM DOMIS SURDULICA;TOME IVANOVIĆA 27;17530;SURDULICA;/rs/1057041/aleksandra-zlatkovic-preduzetnik-gradjevinska-radnja-tim-sistem-domis-surdulica/
63306673;PECA STIL 023;BULEVAR MILUTINA MILANKOVIĆA BB;23000;Zrenjanin;/rs/926678/peca-stil-023/
07489609;KONELEK DOO BEOGRAD-ZEMUN;PUKOVNIKA MILENKA PAVLOVIĆA 136A;11080;ZEMUN;/rs/90897/konelek-doo-beograd-zemun/
63645591;ANDRIJA EKMEDŽIĆ PR KONELEK AVIO;BRAĆE RADIŠIĆ 11;11080;ZEMUN;/rs/965908/andrija-ekmedzic-pr-konelek-avio/
17328921;TERMOPLAST DOO BEOGRAD MALI MOKRI LUG;MIKENSKA 16;11050;BEOGRAD-ZVEZDARA;/rs/62770/termoplast-doo-beograd-mali-mokri-lug/
17328166;TERMOPLAST DOO BEOGRAD;Luke Vojvodića 15;11090;BEOGRAD-RAKOVICA;/rs/36623/termoplast-doo-beograd/
54896255;TERMOPLAST;ZELENI BULEVAR 21;19210;BOR;/rs/283842/termoplast/
08628866;TERMOPLAST DOO ADA;SAVE KOVAČEVIĆA 56;24430;Ada;/rs/14731/termoplast-doo-ada/
53714307;SZR TERMO-PLAST;TEMERINSKI PUT 87;21000;Novi Sad;/rs/241479/szr-termo-plast/
56525599;SAMOSTALNA ZANATSKA RADNJA PMV TERMOPLAST BOŽIDAR VUJANOVIĆ PREDUZETNIK BEOGRAD (VRAČAR);Gružanska 17;11000;BEOGRAD;/rs/372502/samostalna-zanatska-radnja-pmv-termoplast-bozidar-vujanovic-preduzetnik-beograd-vracar/
60103780;TERMOPLAST;PODBIJELJE BB;36300;NOVI PAZAR;/rs/393652/termoplast/
55584265;TERMOPLAST;BUKOVAC 2A;25000;Sombor;/rs/317930/termoplast/
55966737;NEBOJŠA RANĐELOVIĆ PREDUZETNIK, SAMOSTALNA ZANATSKO TRGOVINSKA RADNJA TERMOPLAST STARA PAZOVA;JANKA BAKA 60;22300;Stara Pazova;/rs/339297/nebojsa-randjelovic-preduzetnik-samostalna-zanatsko-trgovinska-radnja-termoplast-stara-pazova/
60050686;TERMO-PLAST;TOŠINA BB;11311;Radinac;/rs/552354/termo-plast/
21157309;Sinterfuse d.o.o.;Miloša Obrenovića 2;31000;Užice;/rs/1033307/sinterfuse-d-o-o/
21200417;SUPREMATEC D.O.O.;ŠESTA INDUSTRISKA 3;22330;Nova Pazova;/rs/1047582/suprematec-d-o-o/
52606900;SR METALOSTRUGARSKA, METALOBRUSAČKA, ALATNIČARSKA I IZRADA PREDMETA OD PLASTIKE, GUME I METALA ALATVERK VEREŠ JAN PREDUZETNIK STARA PAZOVA;Vere Miščević 109;22300;Stara Pazova;/rs/221589/sr-metalostrugarska-metalobrusacka-alatnicarska-i-izrada-predmeta-od-plastike-gume-i-metala-alatverk-veres-jan-preduzetnik-stara-pazova/
20816350;LEGAS GROUP DOO BEOGRAD;TREĆA SUTJESKA 2A 1 8;11060;BEOGRAD-PALILULA;/rs/847165/legas-group-doo-beograd/
07086415;IMEL GROUP DOO BEOGRAD;BULEVAR ZORANA ĐINĐIĆA 2A;11070;NOVI BEOGRAD;/rs/64743/imel-group-doo-beograd/
21307181;OTB INŽENJERING DOO;VLADE ŽIVANOVIĆA 2A;21000;Novi Sad;/rs/1111233/otb-inzenjering-doo/
20480963;ELBING DOO NOVI SAD;Vlade Živanovića 2 a;21000;Novi Sad;/rs/89875/elbing-doo-novi-sad/
63886513;FILIP KODIĆ PR SVETLOST INŽENJERING;TAKOVSKA 2A;35250;PARAĆIN;/rs/999730/filip-kodic-pr-svetlost-inzenjering/
07606869;SOFT PROJEKT DOO VRNJAČKA BANJA;MILOŠA OBILIĆA 2 A;36210;VRNJAČKA BANJA;/rs/29983/soft-projekt-doo-vrnjacka-banja/
17070355;INŽENJERING DOO BEOGRAD;DR. MILUTINA IVKOVIĆA 2 A;11000;BEOGRAD;/rs/5046/inzenjering-doo-beograd/
17464485;RADIMPEX SOFTWARE DOO BEOGRAD;GOLUBAČKA 2A;11000;BEOGRAD;/rs/17993/radimpex-software-doo-beograd/
07462727;DIGIT CONSULTING DOO BEOGRAD;NEDELJKA GVOZDENOVIĆA 2A;11070;NOVI BEOGRAD;/rs/6289/digit-consulting-doo-beograd/
21071633;STUDIO TASEV d.o.o. Beograd;KREMENJE 2 A;11309;Leštane;/rs/975390/studio-tasev-d-o-o-beograd/
20260785;DAVAX DOO KAĆ;ATAR 106;21241;Kać;/rs/64201/davax-doo-kac/
20755695;HDDSURGERY DOO BEOGRAD;MILUTINA MILANKOVIĆA 33-35 1 2;11070;NOVI BEOGRAD;/rs/810416/hddsurgery-doo-beograd/
21141798;LA CO ME TECNO DOO;NIKOLE TESLE 268;26203;Sefkerin;/rs/1012261/la-co-me-tecno-doo/
21160091;ALCOM WORLDWIDE DOO;KRNJEŠEVAČKA 152;22310;Šimanovci;/rs/1024593/alcom-worldwide-doo/
21113824;ALCOM RPT-SYSTEMS DOO;Krnješevačka 152;22310;Šimanovci;/rs/997321/alcom-rpt-systems-doo/
21460222;ALCOM Recycling DOO;Teodora Bekića BB;22000;Sremska Mitrovica;/rs/1188345/alcom-recycling-doo/
08487626;ALCOM DOO INĐIJA;ZMAJ JOVINA 68;22320;Inđija;/rs/3248/alcom-doo-indjija/
21962821;ALCOM PARTS DOO;KRNjEŠEVAČKA 152;22310;Šimanovci;/rs/1431412/alcom-parts-doo/
21962813;ALCOM PROFILES DOO;KRNjEŠEVAČKA 152;22310;Šimanovci;/rs/1431326/alcom-profiles-doo/
64741900;ALEKSANDAR LUGONJA PR ALCOM PROGRAMIRANJE;Ibarska 21/2;36000;KRALJEVO;/rs/1118654/aleksandar-lugonja-pr-alcom-programiranje/
53222790;S.T.R. ZA PROMET ROBE NA VELIKO ALCOM;HRVATSKA 10;11000;BEOGRAD;/rs/228299/s-t-r-za-promet-robe-na-veliko-alcom/
17123572;UNIMETAL DOO PIROT;Nikole Pašića 216;18300;PIROT;/rs/24673/unimetal-doo-pirot/
07953747;DOO UNIMETAL KRUŠEVAC;OMLADINSKA 9;37253;Bela Voda;/rs/55657/doo-unimetal-krusevac/
17167111;UNIMETAL DOO BEOGRAD;SLOBODANA JOVIĆA 51;11010;BEOGRAD-VOŽDOVAC;/rs/44991/unimetal-doo-beograd/
63404608;UNIMETAL B-VOD;;37253;Bela Voda;/rs/933536/unimetal-b-vod/
20923067;UNI METAL-MAX DOO;PARTIZANSKI PUT BB;17500;Vranje;/rs/902967/uni-metal-max-doo/
63950319;ALEKSANDAR MILIĆEVIĆ PREDUZETNIK ZANATSKA RADNJA ZA OBRADU I PREVLAČENJE METALA UNIMETAL MSG VRNJAČK;DUŠANA PETROVIĆA ŠANETA 84 B;36210;VRNJAČKA BANJA;/rs/1007682/aleksandar-milicevic-preduzetnik-zanatska-radnja-za-obradu-i-prevlacenje-metala-unimetal-msg-vrnjack/
21601489;Društvo sa ograničenom odgovornošću UNIMETAL SISTEM DOO Leskovac;Žikice Jovanovića Španca 39;16000;LESKOVAC;/rs/1252512/drustvo-sa-ogranicenom-odgovornoscu-unimetal-sistem-doo-leskovac/
67305116;MIRJANA SMILjKOVIĆ PR POPRAVKA GRAĐEVINSKIH I POLjOPRIVREDNIH MAŠINA UNIMETAL PLUS KRUŠEVAC;PETRA DOBRNjCA 4;37000;KRUŠEVAC;/rs/1433780/mirjana-smiljkovic-pr-popravka-gradjevinskih-i-poljoprivrednih-masina-unimetal-plus-krusevac/
56815228;UNI - METAL ZANATSKA RADIONICA, NIKOLA MARKOVIĆ;ADRANSKA BB;36000;KRALJEVO;/rs/841572/uni-metal-zanatska-radionica-nikola-markovic/
57170573;UNIMETAL;PORA 183;31000;Užice;/rs/546134/unimetal/
62111640;SAMOSTALNA ZANATSKA RADNJA LORD INGENERING ĐORĐE PAVLOVIĆ PR ČAČAK;OBILIĆEVA BB;32000;Čačak;/rs/682494/samostalna-zanatska-radnja-lord-ingenering-djordje-pavlovic-pr-cacak/
21929140;SUPER PLAST 1991 D.O.O. NOVA PAZOVA;CVIJE KUKOLjA BB;22330;Nova Pazova;/rs/1410777/super-plast-1991-d-o-o-nova-pazova/
20308621;SPELD DOO MILOŠEVAC;Carigradska 6;11318;Miloševac;/rs/120544/speld-doo-milosevac/
08182515;DRUŠTVO SA OGRANIČENOM ODGOVORNOŠĆU GMB AUTOMATIK ZA PROIZVODNJU, PROMET I USLUGE BEOGRAD (SAVSKI VENAC);KVARNERSKA 26;11000;BEOGRAD;/rs/48577/drustvo-sa-ogranicenom-odgovornoscu-gmb-automatik-za-proizvodnju-promet-i-usluge-beograd-savski-venac/
08474982;DOO VUVES-COMMERCE KAĆ;SVETOSAVSKA 75;21241;Kać;/rs/95635/doo-vuves-commerce-kac/
07020945;TELEOPTIK-ŽIROSKOPI DOO BEOGRAD-ZEMUN;Filipa Višnjića 31;11080;ZEMUN;/rs/107049/teleoptik-ziroskopi-doo-beograd-zemun/
17840568;RADNIČKI INDUSTRIJSKI SINDIKAT-TELEOPTIK ŽIROSKOPI;FILIPA VIŠNJIĆA 31;11080;ZEMUN;/rs/871588/radnicki-industrijski-sindikat-teleoptik-ziroskopi/
17645412;SINDIKALNA ORGANIZACIJA SAMOSTALNOG SINDIKATA TELEOPTIK ŽIROSKOPI D.O.O. U RESTRUKTURIRANJU;FILIPA VIŠNJIĆA 31;11080;ZEMUN;/rs/486215/sindikalna-organizacija-samostalnog-sindikata-teleoptik-ziroskopi-d-o-o-u-restrukturiranju/
20651474;EURO HEAT DOO KRAGUJEVAC;INDUSTRIJSKA BB;34000;KRAGUJEVAC;/rs/124941/euro-heat-doo-kragujevac/
21318868;EURO HEAT PHE doo;Industrijska BB;34000;KRAGUJEVAC;/rs/1141873/euro-heat-phe-doo/
20638770;METALOGALVANIC DOO ČAČAK, TRNAVA;POTES RUPAVICE 1B;32000;Čačak;/rs/115360/metalogalvanic-doo-cacak-trnava/
60438935;METALOGALVANIC;/ /;32104;ČAČAK;/rs/724471/metalogalvanic/
06377017;ELBI DOO VALJEVO;LjUBOSTINjSKA 14;14000;VALJEVO;/rs/47609/elbi-doo-valjevo/
63519618;EL-BI ELEKTRO;SPORTSKA HALA BB;31315;ZLATIBOR;/rs/950463/el-bi-elektro/
20933089;ELBI ELECTRIC SERBIA DOO;Zrenjaninski Put 11 f;11060;BEOGRAD-PALILULA;/rs/908122/elbi-electric-serbia-doo/
17476106;PTUP EL - BI TRADE DOO NOVI PAZAR;12. SRPSKE BRIGADE 13;36300;NOVI PAZAR;/rs/85069/ptup-el-bi-trade-doo-novi-pazar/
56471642;FLOAREA CONSTANTINESCU PR, TRGOVINSKA RADNJA I KOMISION EL-BI STAR, PANČEVO;PIJACA AERODROM;26000;Pančevo;/rs/368764/floarea-constantinescu-pr-trgovinska-radnja-i-komision-el-bi-star-pancevo/
66474909;BOJAN BIRINJI PR PROIZVODNJA I MONTAŽA PVC I ALU STOLARIJE ELBI PVC IRIG;SVETOZARA MILETIĆA 95;22406;IRIG;/rs/1335984/bojan-birinji-pr-proizvodnja-i-montaza-pvc-i-alu-stolarije-elbi-pvc-irig/
21578398;MLINO-MONT DOO;Narodnog Fronta 86;15350;BOGATIĆ;/rs/1242698/mlino-mont-doo/
66658252;MLADEN MARINKOVIĆ PR OSTALI NEPOMENUTI SPECIFIČNI GRAĐEVINSKI RADOVI SILOS MLINOMONT 019 ZAJEČAR;CRNOGORSKA 5;19000;ZAJEČAR;/rs/1358252/mladen-marinkovic-pr-ostali-nepomenuti-specificni-gradjevinski-radovi-silos-mlinomont-019-zajecar/
20843616;GENERAL SOLUTIONS SLN DOO ZRENJANIN;TEMIŠVARSKI DRUM 3. REDA 3;23000;Zrenjanin;/rs/864050/general-solutions-sln-doo-zrenjanin/
07360746;HARDER DIGITAL SOVA D.O.O. NIŠ;BULEVAR CARA KONSTANTINA 80;18000;NIŠ;/rs/83382/harder-digital-sova-d-o-o-nis/
08803986;POBEDA COMPANI DOO NOVA PAZOVA;ČETVRTA INDUSTRIJSKA 11;22330;Nova Pazova;/rs/35798/pobeda-compani-doo-nova-pazova/
21374237;ABSOLUTE CNC DOO FUTOG;Carice Milice 158;21410;Futog;/rs/1142960/absolute-cnc-doo-futog/
63851256;IVAN MITROVIĆ PR MAŠINBRAVARSKA RADIONICA DDM METALING LESKOVAC;Vojvode Mišića 39;14234;Leskovac;/rs/995730/ivan-mitrovic-pr-masinbravarska-radionica-ddm-metaling-leskovac/
21644439;CNC OBRADA DOO;AVALSKA 12B;11323;Veliko Orašje;/rs/1274951/cnc-obrada-doo/
20722061;UNITEC CNC DOO BEOGRAD;ZEMUNSKA 303 G;11277;Ugrinovci;/rs/489079/unitec-cnc-doo-beograd/
64374028;SINIŠA MATIĆ PREDUZETNIK CNC TEHNIKA MATIĆ;CENTRALA 113;25000;Sombor;/rs/1063602/sinisa-matic-preduzetnik-cnc-tehnika-matic/
63581372;CNC PRO TEAM;SLOBODANA BAJIĆA 22;21000;Novi Sad;/rs/957038/cnc-pro-team/
65642476;JAN BALAŽ PR PROFITEH-CNC;Vojvode Stepe 8/2;22320;Inđija;/rs/1226914/jan-balaz-pr-profiteh-cnc/
63985228;LJUBIŠA OBUĆINA PR CNC K - MACHININIG;FILIPA VIŠNjIĆA 80;32300;GORNJI MILANOVAC;/rs/1010998/ljubisa-obucina-pr-cnc-k-machininig/
65571811;IVAN MILIKIĆ PR CNC MILLING STEEL;VOJVODE RAKA LEVAJCA 13;32102;ČAČAK;/rs/1218059/ivan-milikic-pr-cnc-milling-steel/
64972162;BRANKO ŠABIĆ PREDUZETNIK MAŠINSKA OBRADA METALA CNC ŠABIĆ TEMERIN;Petra Drapšina 115;21235;Temerin;/rs/1146382/branko-sabic-preduzetnik-masinska-obrada-metala-cnc-sabic-temerin/
66389294;VANJA PUAČ PR MAŠINSKA OBRADA METALA CNC METALWORKING AUGUSTUS MAČVANSKA MITROVICA;SVETISLAVA DAMJANOVIĆA 26;22202;Mačvanska Mitrovica;/rs/1324488/vanja-puac-pr-masinska-obrada-metala-cnc-metalworking-augustus-macvanska-mitrovica/
65415330;VUK SMILJANIĆ PR SERGIUS CNC;Vrščić BB;31312;MAČKAT;/rs/1199418/vuk-smiljanic-pr-sergius-cnc/
07714084;DOO SIMOVIĆ MILIJA;Trnava bb;32104;ČAČAK;/rs/46009/doo-simovic-milija/
07319568;WOKSAL AD UŽICE;MILOŠA OBRENOVIĆA 2;31000;Užice;/rs/29297/woksal-ad-uzice/
21364282;Amphenol Automotive Technology d.o.o.;Kruševačka 22;37240;TRSTENIK;/rs/1138139/amphenol-automotive-technology-d-o-o/
07262876;EMKA Feinguss d.o.o. Mionica;TOPLIČKI PUT 11;14242;MIONICA;/rs/31577/emka-feinguss-d-o-o-mionica/
21646008;EMKA DOO Prijepolje;VLADIMIRA PERIĆA VALTERA 171;31300;PRIJEPOLJE;/rs/1275721/emka-doo-prijepolje/
65827603;NATAŠA VELJKOVIĆ PR OSTALA PRERADA I KONZERVIRANJE VOĆA EMKA JAŽINCE;Jažince BB;38236;ŠTRPCE;/rs/1253007/natasa-veljkovic-pr-ostala-prerada-i-konzerviranje-voca-emka-jazince/
20593024;MASHTRONICS DOO MLADENOVAC;MILOŠA STEPIĆA 21;11400;MLADENOVAC;/rs/129048/mashtronics-doo-mladenovac/
07412061;GS EVROMETAL DOO SVILAJNAC;BRAĆE PROTIĆ 41;35210;SVILAJNAC;/rs/110031/gs-evrometal-doo-svilajnac/
20703849;DOO BIOTEHNIKA IVD RATINA KRALJEVO;CARA LAZARA 4;36212;RATINA;/rs/490930/doo-biotehnika-ivd-ratina-kraljevo/
50076890;ATILA KUBINA PR METALOPRERAĐIVAČKA RADNJA METALPROFIL ADA;Senćanski Put 75;24430;Ada;/rs/140708/atila-kubina-pr-metalopreradjivacka-radnja-metalprofil-ada/
20343311;METAL PROFIL DOO DIMITROVGRAD;GEORGI DIMITROVA BB;18325;Željuša;/rs/14057/metal-profil-doo-dimitrovgrad/
56410040;SAMOSTALNA ZANATSKA RADNJA MULTIDEKOR TOPLICA STOJADINOVIĆ PR TRNOVČE;Vožda Karađorđa 21;12300;PETROVAC;/rs/518876/samostalna-zanatska-radnja-multidekor-toplica-stojadinovic-pr-trnovce/
54595778;SAMOSTALNA ZANATSKA GRAĐEVINSKA RADNJA MULTIDEKOR VUK NIKITOVIĆ PR BEOGRAD (NOVI BEOGRAD);JURIJA GAGARINA 136;11070;NOVI BEOGRAD;/rs/271434/samostalna-zanatska-gradjevinska-radnja-multidekor-vuk-nikitovic-pr-beograd-novi-beograd/
66892417;Dalibor Simić pr Bojenje i zastakljivanje SIMIĆ MULTIDEKOR Blace;VRBOVAC bb;18420;Blace;/rs/1386315/dalibor-simic-pr-bojenje-i-zastakljivanje-simic-multidekor-blace/
20870745;OROX INT DOO PETROVARADIN;Rade Končara 1;21132;Petrovaradin;/rs/874667/orox-int-doo-petrovaradin/
08639353;DOO ELMED TEMERIN;J.N.A. 166;21235;Temerin;/rs/47149/doo-elmed-temerin/
08203415;ELMED;RUMENAČKA 114;21000;Novi Sad;/rs/98571/elmed/
66576612;Jelena Strugarević preduzetnik Radnja za popravku elektronskih aparata Elmed Trstenik;JOVANA DUČIĆA 1;37240;TRSTENIK;/rs/1348484/jelena-strugarevic-preduzetnik-radnja-za-popravku-elektronskih-aparata-elmed-trstenik/
56446028;ZANATSKA RADNJA METALEX ERIĆ GORAN PREDUZETNIK BELOŠEVAC;;14104;VALJEVO;/rs/389943/zanatska-radnja-metalex-eric-goran-preduzetnik-belosevac/
08728445;METALEX DOO INĐIJA;MILOŠA CRNJANSKOG 20;22320;Inđija;/rs/20866/metalex-doo-indjija/
62456833;METALEX;VELJKA VLAHOVIĆA 33;18254;DONJE MEĐUROVO;/rs/706049/metalex/
20956402;METALEX ATM DOO;Đorđa Andrejevića Kuna 049;18000;NIŠ;/rs/920564/metalex-atm-doo/
21681741;METALEX PRO d.o.o. Čačak;IBARSKI PUT 42;32110;;/rs/1291588/metalex-pro-d-o-o-cacak/
66579697;NIKOLA BUTKOVIĆ PR TRGOVINA NA VELIKO METALNOM ROBOM I UGOSTITELJSTVO METALEX TRADE KRUŠEVAC;DRINČIĆEVA 16;37000;KRUŠEVAC;/rs/1349058/nikola-butkovic-pr-trgovina-na-veliko-metalnom-robom-i-ugostiteljstvo-metalex-trade-krusevac/
62511583;METALEX;13. OKTOBAR 40;18360;SVRLJIG;/rs/812171/metalex/
54299974;METALEX;;16232;Bošnjace;/rs/512205/metalex/
07385382;METALEX PREDUZEĆE METALNE GALANTERIJE;DRAGANA JEVTIĆA 59;32300;GORNJI MILANOVAC;/rs/855628/metalex-preduzece-metalne-galanterije/
66012204;MIRJANA JOVANOVIĆ PR METALEX 019;UGRINOVAČKI PUT 18;11080;ZEMUN;/rs/1275648/mirjana-jovanovic-pr-metalex-019/
07529902;GOLAŠ DOO BEOGRAD-KRNJAČA;I SUTJESKA 1D;11060;BEOGRAD-PALILULA;/rs/33830/golas-doo-beograd-krnjaca/
66706591;BRATISLAV POPOVIĆ PR POSTAVLjANjE PODNIH I ZIDNIH OBLOGA GOLAŠ KERAMIKA NOVI SAD;RUMENAČKA 17;21000;Novi Sad;/rs/1364090/bratislav-popovic-pr-postavljanje-podnih-i-zidnih-obloga-golas-keramika-novi-sad/
65604884;RADOSLAV IGNJATOVIĆ PR RADNJA ZA POPRAVKU MAŠINA GOLAŠ-R NIŠ;Ćurlinska 36;18000;NIŠ;/rs/1221987/radoslav-ignjatovic-pr-radnja-za-popravku-masina-golas-r-nis/
55756198;SZR JUNIOR INŽENJERING NIKODIJEVIĆ SRBOLJUB PREDUZETNIK, DESPOTOVAC;Cerje BB;35213;DESPOTOVAC;/rs/327413/szr-junior-inzenjering-nikodijevic-srboljub-preduzetnik-despotovac/
55499217;JUNIOR S.Z.R. NIKOLA MARINKOVIĆ;TROGIRSKA 1;;;/rs/313681/junior-s-z-r-nikola-marinkovic/
52186030;JUNIOR S.Z.R. ZORAN BUKVIĆ;DUNAVSKA 4;25230;Kula;/rs/208664/junior-s-z-r-zoran-bukvic/
54855150;SZR JUNIOR;I. GUNDULIĆA 3 71;11300;SMEDEREVO;/rs/282091/szr-junior/
64700448;DUŠAN ANDREJIĆ PR FABRORUM;BOBOVO;35217;Bobovo;/rs/1112864/dusan-andrejic-pr-fabrorum/
20039213;GM CONVERTING DOO GORNJI MILANOVAC;Nevade 235A;32300;GORNJI MILANOVAC;/rs/103782/gm-converting-doo-gornji-milanovac/
08667209;AGROART DOO STARA PAZOVA;KARAĐORĐEVA 52;22300;Stara Pazova;/rs/23938/agroart-doo-stara-pazova/
21483613;AGRO ART-AS 031 DOO ARILJE;Trg Bratstva i jedinstva BB;31230;Arilje;/rs/1199263/agro-art-as-031-doo-arilje/
66368858;SLAVICA GOJKOVIĆ PREDUZETNIK AGROART;KRONŠTATSKA 14A;11000;BEOGRAD;/rs/1321923/slavica-gojkovic-preduzetnik-agroart/
55148481;VUČKO;KARAĐORĐEVA 118;22300;Stara Pazova;/rs/295990/vucko/
55928142;VUČKO;Klatičevo BB;32300;GORNJI MILANOVAC;/rs/336958/vucko/
52070856;SAMOSTALNA TRGOVINSKA I AUTOPREVOZNIČKA RADNJA KLAS STOJKOVIĆ VUČKO PR GORNJI MILANOVAC;Kneza Aleksandra 143;32300;GORNJI MILANOVAC;/rs/205592/samostalna-trgovinska-i-autoprevoznicka-radnja-klas-stojkovic-vucko-pr-gornji-milanovac/
17917447;"PREDŠKOLSKA USTANOVA ""VUČKO""";12.Oktobra 9;11211;Borča;/rs/1226785/predskolska-ustanova-vucko/
61825096;DRAGAN VUKANAC PR PREVOZ PUTNIKA VUČKO TOURS VETERNIK;LASTINA 53A;21203;Veternik;/rs/753376/dragan-vukanac-pr-prevoz-putnika-vucko-tours-veternik/
60136416;VUČKO-84;USTANIČKA 128A;11010;BEOGRAD-VOŽDOVAC;/rs/557538/vucko-84/
63220876;MIRJANA VUČKOVIĆ PREDUZETNIK ZANATSKO KROJAČKA TRGOVINSKA USLUŽNA RADNJA VUČKO MBS SURDULICA;JADRANSKA 16;17530;SURDULICA;/rs/908494/mirjana-vuckovic-preduzetnik-zanatsko-krojacka-trgovinska-usluzna-radnja-vucko-mbs-surdulica/
20241721;VUČKO PROM DOO KRUŠEVAC;SLOBODANA JOVANOVIĆA 22B, LOKAL 2;37000;KRUŠEVAC;/rs/121786/vucko-prom-doo-krusevac/
64576771;VUK ŠUKOVIĆ PREDUZETNIK VUČKO TRANS;STEVE MARTINOVIĆA 13;22306;Belegiš;/rs/1093738/vuk-sukovic-preduzetnik-vucko-trans/
63452963;GORDANA ISAILOVIĆ PR GOCIN VUČKO;SRBE JOVANOVIĆA BB;19300;NEGOTIN;/rs/940981/gordana-isailovic-pr-gocin-vucko/
61936912;SAMOSTALNA ZANATSKA RADNJA ALINOKS SAŠA MARKOVIĆ PREDUZETNIK BELICA;;35273;BUNAR;/rs/670634/samostalna-zanatska-radnja-alinoks-sasa-markovic-preduzetnik-belica/
63733423;NIKOLA MALETIĆ PR PERUN MOTO;MILANA RAKIĆA 24;11050;BEOGRAD-ZVEZDARA;/rs/977726/nikola-maletic-pr-perun-moto/
21365718;ZF Serbia d.o.o.;7. Nova 7;26000;Pančevo;/rs/1138839/zf-serbia-d-o-o/
20366915;SINTERMETAL-EC DOO BEOGRAD;AUTOPUT ZA NOVI SAD 72B;11080;ZEMUN;/rs/126873/sintermetal-ec-doo-beograd/
54875509;MIŠA ANDONOVIĆ PR MAŠINSKA OBRADA METALA PI-BRUS PIROT;;18300;PIROT;/rs/283006/misa-andonovic-pr-masinska-obrada-metala-pi-brus-pirot/
06379826;ŽARKOM DOO KRALJEVO;Jovana Deroka 10;36000;KRALJEVO;/rs/132841/zarkom-doo-kraljevo/
63945331;ŽARKO RADOJIČIĆ PREDUZETNIK ZARKOM 1983;OSRECI BB;37227;MILENTIJA;/rs/1006130/zarko-radojicic-preduzetnik-zarkom-1983/
66921778;Nada Mijuca pr metalostrugarska zanatska radnja ŽARKOM PLUS 013 Vršac;ŠABAČKA 17;26300;VRŠAC;/rs/1389911/nada-mijuca-pr-metalostrugarska-zanatska-radnja-zarkom-plus-013-vrsac/
21093769;HYDRO MAG DOO;STRIŠKA 30;35250;PARAĆIN;/rs/986885/hydro-mag-doo/
21682969;PLAZMATEH 7530 DOO ČAČAK;DR.DRAGIŠE MIŠOVIĆA 169;32000;Čačak;/rs/1292165/plazmateh-7530-doo-cacak/
63262366;BRANIMIR PLAZINIĆ PR PLAZMATEH ČAČAK;POTES JEZDINSKO POLJE 67;32000;Čačak;/rs/914146/branimir-plazinic-pr-plazmateh-cacak/
17388673;DOO RADIJATOR-INŽENJERING KRALJEVO;ŽIVOJINA LAZIĆA SOLUNCA 6;36000;KRALJEVO;/rs/51484/doo-radijator-inzenjering-kraljevo/
21417700;Inmold Zona d.o.o.;Rača BB;31330;PRIBOJ;/rs/1166846/inmold-zona-d-o-o/
63851256;IVAN MITROVIĆ PR MAŠINBRAVARSKA RADIONICA DDM METALING LESKOVAC;Vojvode Mišića 39;14234;Leskovac;/rs/995730/ivan-mitrovic-pr-masinbravarska-radionica-ddm-metaling-leskovac/
07364954;UNIPROMET DOO ČAČAK;BULEVAR OSLOBODILACA ČAČKA 92A;32103;ČAČAK;/rs/86962/unipromet-doo-cacak/
07823096;UNIPROMET DOO LAZAREVAC;VLADIKE NIKOLAJA VELIMIROVIĆA 161;11550;LAZAREVAC;/rs/103479/unipromet-doo-lazarevac/
08360138;DRUŠTVENO PREDUZEĆE UNIPROMET-SM SA PO SREMSKA MITROVICA - U STEČAJU;GAJEVA BB;22000;Sremska Mitrovica;/rs/86626/drustveno-preduzece-unipromet-sm-sa-po-sremska-mitrovica-u-stecaju/
28833695;FONDACIJA UNIPROMET;BULEVAR OSLOBODILACA ČAČKA , 92A;32102;ČAČAK;/rs/1351051/fondacija-unipromet/
06567398;UNIPROMET TRGOVINSKO PREDUZEĆE;;35250;PARAĆIN;/rs/447770/unipromet-trgovinsko-preduzece/
20741767;COMO DOO JAGODINA;SLOVENSKI PUT 15;35000;JAGODINA;/rs/779390/como-doo-jagodina/
17246917;HEMSOL COMO DOO BEOGRAD;PAVLA MINČIĆA 13;11160;BEOGRAD;/rs/1537/hemsol-como-doo-beograd/
20998911;COMO IN FORM DOO;SLOVENSKI PUT 15A;35000;JAGODINA;/rs/939236/como-in-form-doo/
20400609;LAGO DI COMO DOO NOVI SAD;BULEVAR OSLOBOĐENJA 50;21000;Novi Sad;/rs/12891/lago-di-como-doo-novi-sad/
21678791;COMO BOATS DRUŠTVO SA OGRANIČENOM ODGOVORNOŠĆU JAGODINA - U LIKVIDACIJI;SLOVENSKI PUT 15;35000;JAGODINA;/rs/1290313/como-boats-drustvo-sa-ogranicenom-odgovornoscu-jagodina-u-likvidaciji/
65405610;BILJANA RISTIĆ PREDUZETNIK CAFFE COMO;Vojvode Mišića 46;31250;Bajina Bašta;/rs/1198296/biljana-ristic-preduzetnik-caffe-como/
64648829;IGOR VELJIĆ PR COMO COLOR;JOVANKE RADAKOVIĆ 31 P;11050;BEOGRAD-ZVEZDARA;/rs/1103214/igor-veljic-pr-como-color/
28295081;"""Centar za pravilno upravljanje medicinskim i farmaceutskim otpadom-COMO""";Stanka Vlasotinčanina 9;18000;NIŠ;/rs/1232623/centar-za-pravilno-upravljanje-medicinskim-i-farmaceutskim-otpadom-como/
66941213;DARKO BANTULIĆ PR COMO AUTO;MARIBORSKA 3;36000;KRALJEVO;/rs/1392235/darko-bantulic-pr-como-auto/
66035131;Dejan Rakonjac PR Como dizajn;ŽIČKA 65;36000;KRALJEVO;/rs/1278613/dejan-rakonjac-pr-como-dizajn/
21022730;JOVALEX CENTAR DOO;Miodraga Vlajića Šuke 4;34000;KRAGUJEVAC;/rs/950568/jovalex-centar-doo/
21322067;KAO JOVALEX DOO;Miodraga Vlajića Šuke 4;34000;KRAGUJEVAC;/rs/1117627/kao-jovalex-doo/
61831991;SANJA TRIFUNOVIĆ PREDUZETNIK, TRGOVINSKA RADNJA JOVALEX, KUČEVO;Svetog Save 166;12240;KUČEVO;/rs/753540/sanja-trifunovic-preduzetnik-trgovinska-radnja-jovalex-kucevo/
21633330;JOVALEX 011 DOO;AUTOPUT ZA NOVI SAD 68;11080;ZEMUN;/rs/1270358/jovalex-011-doo/
21356662;JOVALEX 034 DOO;JAGODINSKA 204;16000;LESKOVAC;/rs/1134578/jovalex-034-doo/
20494549;JOVALEX-AUTO DOO MEDVEĐA;VUKA KARADžIĆA 45;16240;MEDVEDJA;/rs/82677/jovalex-auto-doo-medvedja/
20862483;AUTOSTOP INTERIORS DOO LESKOVAC;Tekstilna 40;14234;Leskovac;/rs/871032/autostop-interiors-doo-leskovac/
20951443;Beoven TEC D.o.o.;Jurija Gagarina 53;11070;NOVI BEOGRAD;/rs/917103/beoven-tec-d-o-o/
07546505;PREDUZEĆE VESIMPEX DOO BEOGRAD;PATRIJARHA DIMITRIJA 24;11090;BEOGRAD-RAKOVICA;/rs/88794/preduzece-vesimpex-doo-beograd/
54515545;IGOR JOVIČIĆ PR TRGOVINA NA VELIKO I MALO MOTO-BIKE KAĆ;Svetosavska 70a-74;21241;Kać;/rs/268067/igor-jovicic-pr-trgovina-na-veliko-i-malo-moto-bike-kac/
08651531;MOTO-BIKE DOO BAČKA TOPOLA;Maršala Tita 96;24300;Bačka Topola;/rs/115911/moto-bike-doo-backa-topola/
64688251;ZORAN CVEJIĆ PR MOTO BIKE SERVIS MARKO S SHOP;TOMASA EDISONA 8;11255;Sremčica;/rs/1111380/zoran-cvejic-pr-moto-bike-servis-marko-s-shop/
08704031;MOTOBIKE DOO BEČEJ;PETEFI ŠANDORA 33;21220;Bečej;/rs/16471/motobike-doo-becej/
65323621;SVETLANA ĆIRIĆ PR UGOSTITELJSKA RADNJA MOTO BIKE HOUSE 2013 VALJEVO;DUŠANOVA 47;14000;VALJEVO;/rs/1188135/svetlana-ciric-pr-ugostiteljska-radnja-moto-bike-house-2013-valjevo/
64498975;DUŠKO ĆIRIĆ PR UGOSTITELJSKA RADNJA MOTO BIKE HOUSE VALJEVO;VLADIKE NIKOLAJA 9;14000;VALJEVO;/rs/1081006/dusko-ciric-pr-ugostiteljska-radnja-moto-bike-house-valjevo/
60133948;MOTO BIKE;SVETOG SAVE 48;22240;Šid;/rs/718197/moto-bike/
63149136;SLAĐANA CVETKOVIĆ PR TRGOVINSKA RADNJA MOTO BIKE PLUS LESKOVAC;Zelena pijaca tezga br.155;14234;Leskovac;/rs/895351/sladjana-cvetkovic-pr-trgovinska-radnja-moto-bike-plus-leskovac/
20711914;SINTAL DOO BEOGRAD;LADNE VODE 13;11050;BEOGRAD-ZVEZDARA;/rs/489340/sintal-doo-beograd/
17003585;DOO MAREL VELIKO GOLOVODE KRUŠEVAC;VELIKO GOLOVODE BB;37000;KRUŠEVAC;/rs/107940/doo-marel-veliko-golovode-krusevac/
21086193;MAREL ANT DOO KRUŠEVAC;Kosovska 64/2;37000;KRUŠEVAC;/rs/982276/marel-ant-doo-krusevac/
62451106;MAREL;Zlatka Skerletovića 4;22303;BANOVCIDUNAV;/rs/703785/marel/
67310594;Marko Pjevac pr Postavljanje električnih instalacija MAR-EL Šabac;POP LUKINA 21;15000;ŠABAC;/rs/1434383/marko-pjevac-pr-postavljanje-elektricnih-instalacija-mar-el-sabac/
66763587;Milan Marelj PR Izrada i održavanje softvera, servisiranje i konfiguracija računarske opreme MAREL SOFT Niš;ORLOVIĆA PAVLA 16;18105;NIŠ;/rs/1371133/milan-marelj-pr-izrada-i-odrzavanje-softvera-servisiranje-i-konfiguracija-racunarske-opreme-marel-soft-nis/
64968726;NENAD MARJANOVIĆ PR MAREL NM;Borska 84;11090;BEOGRAD-RAKOVICA;/rs/1145962/nenad-marjanovic-pr-marel-nm/
21257788;KORDUN METALI DOO;BULEVAR JAŠE TOMIĆA 24;21000;Novi Sad;/rs/1078359/kordun-metali-doo/
08656436;DOO TELIX NOVI SAD;Bulevar Slobodana Jovanovića 2;21000;Novi Sad;/rs/103886/doo-telix-novi-sad/
66953785;DUŠAN SAVIĆ PR TELIX;SLANUŠKA 19;31000;Užice;/rs/1393702/dusan-savic-pr-telix/
64312863;BILjANA GAJIĆ MARKOVIĆ PR ALFA PRODUKT;DR JOVE ALEKSIĆA 10;14242;MIONICA;/rs/1055131/biljana-gajic-markovic-pr-alfa-produkt/
64612271;ALEKSANDRA BOCKA PR ALFA PRODUKT PLUS KOMERC;DAŠNICA;37271;Dašnica;/rs/1097261/aleksandra-bocka-pr-alfa-produkt-plus-komerc/
07027800;KOLEKTOR ETRA DOO BEOGRAD;Svetosavska 394 D;11460;BARAJEVO;/rs/121032/kolektor-etra-doo-beograd/
21033545;KOLEKTOR ATS D.O.O. NOVI SAD;PRIMORSKA 86;21127;NOVI SAD;/rs/956947/kolektor-ats-d-o-o-novi-sad/
20627913;WEG KOLEKTOR DOO BEOGRAD;LjUTICE BOGDANA 1A;11000;BEOGRAD;/rs/104889/weg-kolektor-doo-beograd/
20884118;Kolektor Engineering d.o.o. Lazarevac;STEFANA NEMANJE 136;11550;LAZAREVAC;/rs/883961/kolektor-engineering-d-o-o-lazarevac/
29504571;KOLEKTOR SISTEH d.o.o. ogranak Beograd-Zvezdara;Ruzveltova 48;11050;BEOGRAD-ZVEZDARA;/rs/1135288/kolektor-sisteh-d-o-o-ogranak-beograd-zvezdara/
55723338;KOLEKTOR;;31212;POŽEGA;/rs/325426/kolektor/
21071382;KOLEKTOR KOLING RS D.O.O.;PRIMORSKA 86;21000;Novi Sad;/rs/977992/kolektor-koling-rs-d-o-o/
21850209;WALKER-KOLEKTOR DOO;BOGDANA JAKOVLjEVIĆA 23A;11500;OBRENOVAC;/rs/1370236/walker-kolektor-doo/
64216074;KOLEKTOR MM;VISIBABA BB;31210;POŽEGA;/rs/1043850/kolektor-mm/
18376571;SINDIKALNA ORGANIZACIJA SAMOSTALNOG SINDIKATA METALACA SRBIJE KOLEKTOR ETRA DOO BEOGRAD;;;;/rs/1325752/sindikalna-organizacija-samostalnog-sindikata-metalaca-srbije-kolektor-etra-doo-beograd/
20928930;Delta Tehnik Marold d.o.o.;Omladinska 56 A;21300;Beočin;/rs/906500/delta-tehnik-marold-d-o-o/
53857426;MIKRON;AVALSKA 34;11030;BEOGRAD-ČUKARICA;/rs/243687/mikron/
17402200;MICROSOFT SOFTWARE DOO BEOGRAD;ŠPANSKIH BORACA 3 III;11070;NOVI BEOGRAD;/rs/4521/microsoft-software-doo-beograd/
21263184;METALKOV 1985 DOO BEOGRAD-ZEMUN;UGRINOVAČKI PUT 25 DEO 11;11080;ZEMUN;/rs/1081447/metalkov-1985-doo-beograd-zemun/
07385544;DOO SATO KRALJEVO PROGORELICA;IBARSKA 63;36340;Konarevo;/rs/95452/doo-sato-kraljevo-progorelica/
21040061;SATO LAB DOO Beograd;KATIĆEVA 4/17;11000;BEOGRAD;/rs/960235/sato-lab-doo-beograd/
64939416;MIODRAG NIKOLIĆ PR UGOSTITELJSKA RADNJA I PRENOĆIŠTE ŠATO PANČEVO;Spoljnostarčevačka 8;26000;Pančevo;/rs/1142406/miodrag-nikolic-pr-ugostiteljska-radnja-i-prenociste-sato-pancevo/
20074914;ALATPLAST DOO SUBOTICA;ALBE FRANCIŠKOVIĆA 26;24000;Subotica;/rs/27800/alatplast-doo-subotica/
50459209;ALAT-PLAST SZR RIBAR ŠANDOR PR NOVI SAD;CVEĆARSKA 7;21000;Novi Sad;/rs/151760/alat-plast-szr-ribar-sandor-pr-novi-sad/
54973519;ALATPLAST;HAJDUK VELJKOVA 109/A;21220;Bečej;/rs/287550/alatplast/
53469680;ALATPLAST S.Z.R. LOJZIJE DULIĆ;ALBE FRANCIŠKOVIĆA 26;24000;Subotica;/rs/234450/alatplast-s-z-r-lojzije-dulic/
21522945;Učenička zadruga KnićKo Srednja škola Dobrica Erić Knić;Knić BB;34240;KNIĆ;/rs/1220835/ucenicka-zadruga-knicko-srednja-skola-dobrica-eric-knic/
07124686;SREDNJA ŠKOLA KNIĆ;;34240;KNIĆ;/rs/451883/srednja-skola-knic/
51444078;ZDENKA PETKOVIĆ PR TROPIKO;SVETOG SAVE 27;22240;Šid;/rs/187626/zdenka-petkovic-pr-tropiko/
65851466;Gordana Stamenković PR prodaja voća i povrća TROPIKO 13 Prokuplje;21.SRPSKE DIVIZIJE 21;18400;PROKUPLJE;/rs/1255172/gordana-stamenkovic-pr-prodaja-voca-i-povrca-tropiko-13-prokuplje/
61417150;SLAVKO KRSTIĆ PR, TRGOVINSKA RADNJA TROPIKO, ZDRAVINJE;ZDRAVINJE;37203;ZDRAVINJE;/rs/638335/slavko-krstic-pr-trgovinska-radnja-tropiko-zdravinje/
63506613;BUTIK SLADOLEDA TROPIKO;KRALJA ALEKSANDRA PRVOG KARAĐORĐEVIĆA 41;34000;KRAGUJEVAC;/rs/946520/butik-sladoleda-tropiko/
66350762;IVAN DONKOV PR MENJAČNICA TROPIKO DIMITROVGRAD;BALKANSKA 9;18320;DIMITROVGRAD;/rs/1319379/ivan-donkov-pr-menjacnica-tropiko-dimitrovgrad/
63075043;DEJAN MILIVOJEVIĆ PR AUTOPREVOZ TROPIKO DCD BEOGRAD-PALILULA;;11060;BEOGRAD-PALILULA;/rs/1245491/dejan-milivojevic-pr-autoprevoz-tropiko-dcd-beograd-palilula/
56896333;STR TROPIKO DRAGI SIMIĆ PREDUZETNIK LAPOVO (VAROŠICA);;34220;LAPOVO;/rs/533801/str-tropiko-dragi-simic-preduzetnik-lapovo-varosica/
62301821;TROPIKO METAL;DOSITEJA OBRADOVIĆA 40;22323;Novi Slankamen;/rs/695572/tropiko-metal/
55559279;TROPIKO S.U.R. CVETKOVIĆ VESNA;DR.RAJSA;11420;SMEDEREVSKA PALANKA;/rs/790358/tropiko-s-u-r-cvetkovic-vesna/
56299033;TROPIKO S.U.R. MARKO PANTOVIĆ;SAVE KOVAČEVIĆ 3;34000;KRAGUJEVAC;/rs/359669/tropiko-s-u-r-marko-pantovic/
20814756;3Lateral doo;NOVOSADSKOG SAJMA 2;21000;Novi Sad;/rs/847080/3lateral-doo/
53461557;SR ZA IZRADU PREDMETA OD PLASTIKE I METALA INTERCROWN-PLASTIC JANKOVIĆ JOVAN PREDUZETNIK NOVA PAZOVA;Prva industrijska 1;22330;Nova Pazova;/rs/234140/sr-za-izradu-predmeta-od-plastike-i-metala-intercrown-plastic-jankovic-jovan-preduzetnik-nova-pazova/
56311548;AUTO BIBAC;SVETOG SAVE BB;12240;KUČEVO;/rs/518105/auto-bibac/
56691154;A.T.P.S S.R. TEHNIČKI SERVIS OPREME ZA AUTOSERVISE, RADOSLAV JANKOVIĆ;VOJVODE MLADENA 12;11300;SMEDEREVO;/rs/380220/a-t-p-s-s-r-tehnicki-servis-opreme-za-autoservise-radoslav-jankovic/
52393868;HLEB S.R. BOJAN JANKOVIĆ;V. DUGOŠEVIĆA/BB;12000;POŽAREVAC;/rs/897875/hleb-s-r-bojan-jankovic/
54704267;VELIBOR SOFT;SLAVKA RODIĆA 17A;23210;ŽITIŠTE;/rs/275648/velibor-soft/
50075818;SAMOSTALNA METALOPRERAĐIVAČKA RADNJA ADAMET IGOR PERGEL PREDUZETNIK ADA;JNA 54;24430;Ada;/rs/140686/samostalna-metalopreradjivacka-radnja-adamet-igor-pergel-preduzetnik-ada/
20882794;Privredno društvo za opravku motornih vozila TEHNOTIM ŠAJKOVIĆ DOO Lozovik;Miloša Miloševića bb;11317;Lozovik;/rs/881310/privredno-drustvo-za-opravku-motornih-vozila-tehnotim-sajkovic-doo-lozovik/
20343613;PEKOM INŽENJERING DOO KRALJEVO;Jošanička 77;36000;KRALJEVO;/rs/59703/pekom-inzenjering-doo-kraljevo/
65534274;PREDRAG ĆIRIĆ PR INŽENJERSKE DELATNOSTI I TEHNIČKO SAVETOVANJE PEKOM INŽENJERING NIŠ;Gočka 10;18118;Hum;/rs/1217936/predrag-ciric-pr-inzenjerske-delatnosti-i-tehnicko-savetovanje-pekom-inzenjering-nis/
21296864;AIKIVA MACHINES DOO;BORČANSKIH ŽRTAVA 1914 88;11211;Borča;/rs/1103326/aikiva-machines-doo/
20040815;PROMEK DOO VELIKA PLANA;ORAŠKA 60;11320;VELIKA PLANA;/rs/108344/promek-doo-velika-plana/
21851124;PWO SEE d.o.o. Beograd;KRUNSKA 73;11104;Beograd (Vračar);/rs/1370838/pwo-see-d-o-o-beograd/
08331928;PTP ALBATROS MM DOO ŠID, CARA DUŠANA 58;CARA DUŠANA 58;22240;Šid;/rs/57305/ptp-albatros-mm-doo-sid-cara-dusana-58/
08697906;ALBATROS-INTERNATIONAL DOO VETERNIK;DRAGOSLAVA SREJOVIĆA 12;21203;Veternik;/rs/56020/albatros-international-doo-veternik/
06358489;ALBATROS TRADE DOO POLJNA, TRSTENIK;Poljna bb;37246;MILUTOVAC;/rs/15848/albatros-trade-doo-poljna-trstenik/
21275204;ALBATROS 2005 DOO;STRAGARI;37245;VELIKA DRENOVA;/rs/1089876/albatros-2005-doo/
17602845;ALBATROS ZDRAVSTVENA USTANOVA APOTEKA;DR. IVANA RIBARA 91E;11070;NOVI BEOGRAD;/rs/386366/albatros-zdravstvena-ustanova-apoteka/
21664901;ALBATROS LOGISTICS DOO;BULEVAR ARSENIJA ČARNOJEVIĆA 106;11070;NOVI BEOGRAD;/rs/1284485/albatros-logistics-doo/
21007463;ALBATROS SPORT DOO VETERNIK;DRAGOSLAVA SREJOVIĆA 12;21203;Veternik;/rs/942714/albatros-sport-doo-veternik/
65914620;ALEKSANDAR VUKOTIĆ PR TRGOVINA NA VELIKO I AUTOPREVOZNIK ALBATROS 84 UŽICE;Zlatiborska 23;31000;Užice;/rs/1263400/aleksandar-vukotic-pr-trgovina-na-veliko-i-autoprevoznik-albatros-84-uzice/
20478381;ALBATROS PLUS DOO BEOGRAD;USTANIČKA 25/II;11010;BEOGRAD-VOŽDOVAC;/rs/91180/albatros-plus-doo-beograd/
21523623;ALBATROS NS-94 DOO NOVI SAD;Bulevar Kralja Petra Prvog 13;21000;Novi Sad;/rs/1221434/albatros-ns-94-doo-novi-sad/
20594209;GALEB METAL PACK DOO ŠABAC;POCERSKA 111;15000;ŠABAC;/rs/104191/galeb-metal-pack-doo-sabac/
07359144;GALEB GROUP DOO BEOGRAD;Batajnički put 23;11080;ZEMUN;/rs/133074/galeb-group-doo-beograd/
21024040;GALEB ELECTRONICS DOO ŠABAC;POCERSKA 111;15000;ŠABAC;/rs/951735/galeb-electronics-doo-sabac/
21159832;GALEB TES D.O.O. ŠABAC;POCERSKA 111;15000;ŠABAC;/rs/1024402/galeb-tes-d-o-o-sabac/
20841982;Galeb Signalizacija d.o.o. Šabac;POCERSKA 111;15000;ŠABAC;/rs/863984/galeb-signalizacija-d-o-o-sabac/
20137738;GALEB SYSTEM D.O.O. ŠABAC;POCERSKA 111;15000;ŠABAC;/rs/53129/galeb-system-d-o-o-sabac/
07116284;GALEB-METALOPLASTIKA AD ŠABAC;POCERSKA 111;15000;ŠABAC;/rs/103660/galeb-metaloplastika-ad-sabac/
07704461;GRAFIKA GALEB DOO;Matejevački put 13;18000;NIŠ;/rs/72203/grafika-galeb-doo/
17261959;GALEB OD VRANJE;PETRA KOČIĆA 35;17500;Vranje;/rs/108942/galeb-od-vranje/
20013087;GALEB PEN DOO;ILIJE STOJADINOVIĆA 79;11030;BEOGRAD-ČUKARICA;/rs/85449/galeb-pen-doo/
21745944;EM PROJECT 89 DOO;REKA 40;36216;Novo Selo;/rs/1322585/em-project-89-doo/
21240109;TAKO JE DOO - U LIKVIDACIJI;SPASOJA MILKIĆA BB;19350;KNJAŽEVAC;/rs/1069045/tako-je-doo-u-likvidaciji/
08283800;JE-TA DOO NOVI SAD;PATRIJARHA ČARNOJEVIĆA 32A;21000;Novi Sad;/rs/13401/je-ta-doo-novi-sad/
62703571;MIROSLAV IGNJATOVIĆ PR POSTAVLJANJE PODNIH I ZIDNIH OBLOGA JE&ZO, STARA PAZOVA;SVETOZARA MARKOVIĆA 80;22300;Stara Pazova;/rs/834744/miroslav-ignjatovic-pr-postavljanje-podnih-i-zidnih-obloga-je-zo-stara-pazova/
21118486;ŽIVOT JE LEP MD doo;Resavska 80;11000;BEOGRAD;/rs/1001428/zivot-je-lep-md-doo/
63757403;LAV JE LAV;LOLE RIBARA 5;35000;JAGODINA;/rs/981328/lav-je-lav/
20180331;JE & STE CAD/CAM DOO KUPINOVO;Oračka 77;22419;Kupinovo;/rs/96298/je-ste-cad-cam-doo-kupinovo/
62309318;KAFANA TAKO JE SUĐENO;RIBNJAK, GORNJI PUT 15;21000;Novi Sad;/rs/693943/kafana-tako-je-sudjeno/
21099171;KAKO JE DOBRO D.O.O.;ZETSKA 2;11000;BEOGRAD;/rs/989506/kako-je-dobro-d-o-o/
21213632;...ššš dovoljno je da vidiš d.o.o. Beograd-Zemun;Mića Radakovića 2 J;11080;ZEMUN;/rs/1055411/sss-dovoljno-je-da-vidis-d-o-o-beograd-zemun/
62940506;HONGDA JE PR TRGOVINA NA MALO ODEĆOM U SPECIJALIZOVANIM PRODAVNICAMA TR JIA LE ČANTAVIR;JOŽEFA ATILE 1;24220;ČANTAVIR;/rs/870389/hongda-je-pr-trgovina-na-malo-odecom-u-specijalizovanim-prodavnicama-tr-jia-le-cantavir/
20882069;LMB EUROPA D.O.O.;Bulevar Nikole Tesle bb;18000;NIŠ;/rs/882158/lmb-europa-d-o-o/
20629924;GAMA CONSULTING DOO PROKUPLJE;VASILIJE ĐUROVIĆ ŽARKI 56;18400;PROKUPLJE;/rs/129829/gama-consulting-doo-prokuplje/
20559560;G.A.M.A CONSULTING;MILOJKA ĆURIĆA 29;31300;PRIJEPOLJE;/rs/36866/g-a-m-a-consulting/
20855240;IBC TECHNOLOGIES DOO;Autoput Za Zagreb 18;11077;BEOGRAD;/rs/869441/ibc-technologies-doo/
56229701;STOJANOVIĆ;Nikole Pašića BB;18300;PIROT;/rs/355389/stojanovic/
20724480;MEHANIKA-FIVES DOO ALEKSINAČKI RUDNIK, OZRENSKA 1;OZRENSKA 1;18226;ALEKSINAČKI  RUDNIK;/rs/489830/mehanika-fives-doo-aleksinacki-rudnik-ozrenska-1/
55726639;SAJAN;UGAO ULICE VELIKA 90 I ADI ENDRE 1;23324;Sajan;/rs/325632/sajan/
63150100;EVA ZOMBORI PREDUZETNIK AGENCIJA ZA NEKRETNINE TERRA INGATLANKOZVETITO UGYNOKSEG ADA;Marka Miljanova 26;24430;Ada;/rs/896521/eva-zombori-preduzetnik-agencija-za-nekretnine-terra-ingatlankozvetito-ugynokseg-ada/
64501895;IŠTVAN ZOMBORI PR OSTALA TRGOVINA IZVAN PRODAVNICA TEZGI I PIJACA ZRENJANIN;DOSITEJA OBRADOVIĆA 13;23000;Zrenjanin;/rs/1081384/istvan-zombori-pr-ostala-trgovina-izvan-prodavnica-tezgi-i-pijaca-zrenjanin/
64688871;MARTIN ZOMBORI PR KOVANJE PRESOVANJE ŠTANCOVANJE I VALJANJE METALA MZ METALMONT MOKRIN;RADE TRNIĆA 35;23305;Mokrin;/rs/1111475/martin-zombori-pr-kovanje-presovanje-stancovanje-i-valjanje-metala-mz-metalmont-mokrin/
66817628;ZOLTAN ZOMBORI PREDUZETNIK Z METAL;DOŠA ANDRAŠA 11;24430;Ada;/rs/1377132/zoltan-zombori-preduzetnik-z-metal/
08356220;TEN FINGERS DOO NOVA PAZOVA;HILANDARSKA 14;22330;Nova Pazova;/rs/94379/ten-fingers-doo-nova-pazova/
63145955;NIKOLA LEHOCKI PR TEN FINGERS;JURIJA GAGARINA 77;11070;NOVI BEOGRAD;/rs/895704/nikola-lehocki-pr-ten-fingers/
21469203;Mechatronics Unmanned Systems & Technology Solutions d.o.o. Beograd-Palilula;PANČEVAČKI PUT 36B;11210;BEOGRAD;/rs/1192427/mechatronics-unmanned-systems-technology-solutions-d-o-o-beograd-palilula/
21341177;AMM MANUFACTURING DOO;Aleja Milanović bb;34325;LUŽNICE;/rs/1127752/amm-manufacturing-doo/
21306584;LEIKAUF METALLBEARBEITUNG DOO;PATRIJARHA VIĆENTIJA PRODANOVA 71;21226;Bačko Petrovo Selo;/rs/1110819/leikauf-metallbearbeitung-doo/
20479817;BSK DOO OBRENOVAC;Save Kovačevića 27;11500;OBRENOVAC;/rs/126204/bsk-doo-obrenovac/
20040220;AGENA TECHNOLOGY DOO ŠIMANOVCI;DOSITEJEVA 31;22310;Šimanovci;/rs/56968/agena-technology-doo-simanovci/
64092405;TOMO ARSENIJEVIĆ PR MAŠINSKI CENTAR ARSENIJEVIĆ;Ulica 10 5;32000;Čačak;/rs/1025607/tomo-arsenijevic-pr-masinski-centar-arsenijevic/
08635536;MIREN DOO SUBOTICA;VIŠNJIČKA 2;24000;Subotica;/rs/27810/miren-doo-subotica/
20927640;GPS INSULATORS D.O.O. BEOGRAD;Bulevar Peka Dapčevića 25;11010;BEOGRAD-VOŽDOVAC;/rs/905935/gps-insulators-d-o-o-beograd/
21097802;TOP LEVEL ONE DOO;29.Novembra bb;16210;VLASOTINCE;/rs/988797/top-level-one-doo/
21292729;TOP LEVEL FIVE DOO BEOGRAD-NOVI BEOGRAD;ANTIFAŠISTIČKE BORBE 23 G/LOK. 5;11070;NOVI BEOGRAD;/rs/1098871/top-level-five-doo-beograd-novi-beograd/
20294850;TOP LEVEL CMS DOO BEOGRAD-NOVI BEOGRAD;BULEVAR MIHAILA PUPINA 10B 4;11070;NOVI BEOGRAD;/rs/47933/top-level-cms-doo-beograd-novi-beograd/
17317075;TOP LEVEL DOO BEOGRAD-ZEMUN;ŠAJKAŠKA 3;11080;ZEMUN;/rs/133718/top-level-doo-beograd-zemun/
21254738;TOP LEVEL INŽ DOO BEOGRAD;Zrenjaninski Put 139J;11060;BEOGRAD-PALILULA;/rs/1077359/top-level-inz-doo-beograd/
08791716;TOP LEVEL DOO SUBOTICA;KIREŠKA 26/B;24000;Subotica;/rs/93111/top-level-doo-subotica/
67133501;Ariadna Yuriria Osorio Bravo pr Organizacija umetničkih događaja TOP LEVEL MUSICA Novi Sad;DOSTOJEVSKOG 7;21000;Novi Sad;/rs/1414565/ariadna-yuriria-osorio-bravo-pr-organizacija-umetnickih-dogadjaja-top-level-musica-novi-sad/
64871943;MILOŠ KRSTIĆ PR SPORTSKI MENADŽER TOP LEVEL BEOGRAD;Matice Srpske 85g;11050;BEOGRAD-ZVEZDARA;/rs/1133596/milos-krstic-pr-sportski-menadzer-top-level-beograd/
20655178;AVALA AUTO CENTAR DOO;Fruškogorska 22;22327;Maradik;/rs/96322/avala-auto-centar-doo/
20765275;MP METAL SOLUTIONS DOO BEOGRAD-ZEMUN;BATAJNIČKI DRUM 285A;11080;ZEMUN;/rs/811081/mp-metal-solutions-doo-beograd-zemun/
21096776;TECHNOSTEEL & CONSULTING DOO RUMA;Industrijska 37;22400;RUMA;/rs/990748/technosteel-consulting-doo-ruma/
17335987;TECHNOSTEEL DOO BEOGRAD;Trg republike 3/IV;11000;BEOGRAD;/rs/16530/technosteel-doo-beograd/
64765647;IVAN ZEKOVIĆ PR TECHNO STEEL;Ježevica BB;32222;JEŽEVICA;/rs/1120804/ivan-zekovic-pr-techno-steel/
21498726;SCHIEBEL COMPONENTS DOO JAGODINA;ITALIJANSKA 23;35000;JAGODINA;/rs/1207669/schiebel-components-doo-jagodina/
20942819;RASCO-TAMP DOO SENTA;EUGENA SAVOJSKOG 6;24400;Senta;/rs/913478/rasco-tamp-doo-senta/
08391726;TERMOMETAL DOO ADA;INDUSTRIJSKA ULICA 12;24430;Ada;/rs/54719/termometal-doo-ada/
21141496;TERMOMETAL DJD DOO NOVI SAD;HADŽI RUVIMOVA 65;21000;Novi Sad;/rs/1012538/termometal-djd-doo-novi-sad/
20664185;TERMOMETAL ERSTE DOO NOVI SAD;HADŽI RUVIMOVA 65;21000;Novi Sad;/rs/133101/termometal-erste-doo-novi-sad/
20238585;TERMOMETAL GRADNJA;HADŽI RUVIMOVA 65;21000;Novi Sad;/rs/106612/termometal-gradnja/
21330892;TERMOMETAL 017 DOO Novi Sad;Hadži Ruvimova 65;21000;Novi Sad;/rs/1122979/termometal-017-doo-novi-sad/
06179746;TERMOMETAL DOO;USTANIČKA 242 G;11050;BEOGRAD-ZVEZDARA;/rs/66236/termometal-doo/
20129158;TERMOVENT-TERMOMETAL DOO KALUĐERICA;MIJE KOVAČEVIĆ 4;11130;Kaluđerica;/rs/4246/termovent-termometal-doo-kaludjerica/
21237043;TERMOMETAL MBM DOO;Pinc 1 bb;22320;Inđija;/rs/1067717/termometal-mbm-doo/
56802053;SAMOSTALNA ZANATSKA TRGOVINSKA RADNJA TERMOMETAL NASTIĆ DEJAN PR SRBOBRAN;Popovača venac 8;21480;Srbobran;/rs/390849/samostalna-zanatska-trgovinska-radnja-termometal-nastic-dejan-pr-srbobran/
20390972;TERMOMETAL INVEST DOO NOVI SAD;HADŽI RUVIMOVA 65;21000;Novi Sad;/rs/7272/termometal-invest-doo-novi-sad/
21571814;Kedar Team International d.o.o. Bačka Palanka;Savska 2;21400;Bačka Palanka;/rs/1241160/kedar-team-international-d-o-o-backa-palanka/
08790043;BI-KEDAR DOO STARI LEDINCI - U LIKVIDACIJI;Hopovska 7/a;21207;LEDINCI;/rs/5316/bi-kedar-doo-stari-ledinci-u-likvidaciji/
21678562;CNC SOLUTIONS KUKIĆ DOO;UGRINOVAČKI PUT 22 DEO 37;11080;ZEMUN;/rs/1290305/cnc-solutions-kukic-doo/
20188146;METAL KONSTRUKT DOO BAČKA TOPOLA;INDUSTRIJSKI REON BB;24300;Bačka Topola;/rs/118544/metal-konstrukt-doo-backa-topola/
08340242;PLAMEN DOO;KRALJA PETRA I BB;22320;Inđija;/rs/9460/plamen-doo/
21684295;PLAMEN INVEST DOO;KRALjA PETRA I BB;22320;Inđija;/rs/1292671/plamen-invest-doo/
20575751;MGM PLAMEN COMPANY DOO BEČEJ;INDUSTRIJSKA 1A;21220;Bečej;/rs/106642/mgm-plamen-company-doo-becej/
08209081;PLAMEN DOO CRNA TRAVA;CRNA TRAVA BB;16215;CRNA TRAVA;/rs/122247/plamen-doo-crna-trava/
17369504;PLAMEN DOO KRUŠEVAC;CARA LAZARA 474;37208;ČITLUK;/rs/137302/plamen-doo-krusevac/
20317132;PLAMEN-IN COMPANY DOO NIŠ;Homoljska 10;18000;NIŠ;/rs/131938/plamen-in-company-doo-nis/
21324981;KONI PLAMEN DOO;6. Puka 10 B;15000;ŠABAC;/rs/1117891/koni-plamen-doo/
20706619;PLAMEN 014 DOO VALJEVO;POP LUKINA 32;14000;VALJEVO;/rs/490417/plamen-014-doo-valjevo/
21012122;PLAMEN-GRAD DOO;DUNAVSKA 19;26220;Kovin;/rs/945496/plamen-grad-doo/
20964049;AGRO - PLAMEN DOO VRŠAC;ĐURE CVEJIĆA 111;26300;VRŠAC;/rs/923496/agro-plamen-doo-vrsac/
20237961;PELCER DOO SUBOTICA;DUNAVSKA 4;24000;Subotica;/rs/29615/pelcer-doo-subotica/
28372507;UDRUŽENjE GRAĐANA PELCER;ZMAJ JOVINA 5;36216;Novo Selo;/rs/1438724/udruzenje-gradjana-pelcer/
06791450;GrappS DOO;Branislava Nušića 8;11300;SMEDEREVO;/rs/120831/grapps-doo/
20045558;ELEKTROMOTOR-ŠIMON DOO VRŠAC;UŽIČKA 19;26600;;/rs/97742/elektromotor-simon-doo-vrsac/
20371986;LEONI GROUP DOO KRALJEVO, VITKOVAC 180;GRUŽANSKA 15;36000;KRALJEVO;/rs/35039/leoni-group-doo-kraljevo-vitkovac-180/
63388548;STEFAN STOJANOVIĆ PR RADNjA ZA MAŠINSKU OBRADU METALA REDUKTORI 2013 NIŠ;VIZANTISKI BULEVAR 102;18000;NIŠ;/rs/931677/stefan-stojanovic-pr-radnja-za-masinsku-obradu-metala-reduktori-2013-nis/
17642197;"""POLITEHNIKA"" - ŠKOLA ZA NOVE TEHNOLOGIJE";AUTOPUT 18;11080;ZEMUN;/rs/486049/politehnika-skola-za-nove-tehnologije/
17803662;USPRS - SINDIKAT POLITEHNIKA ŠKOLA ZA NOVE TEHNOLOGIJE;BULEVAR ZORANA ĐINĐIĆA 152/A;11070;NOVI BEOGRAD;/rs/768130/usprs-sindikat-politehnika-skola-za-nove-tehnologije/
07451342;CIP;Nemanjina 6/IV;11000;BEOGRAD;/rs/28825/cip/
06637710;CIP DOO KRALJEVO;AERODROMSKA 5;36000;KRALJEVO;/rs/46729/cip-doo-kraljevo/
06082157;ČIP DOO PROKUPLJE;DRAGOLJUBA RAKIĆA BB;18400;PROKUPLJE;/rs/86023/cip-doo-prokuplje/
20403764;MOBEX CIP DOO KRAGUJEVAC;Poštanska 4;34000;KRAGUJEVAC;/rs/1717/mobex-cip-doo-kragujevac/
21169269;ČIP AGRAR d.o.o. Prokuplje;DRAGOLJUBA RAKIĆA BB;18400;PROKUPLJE;/rs/1031332/cip-agrar-d-o-o-prokuplje/
17202588;CIP PUBLIK D.O.O.;NEMANJINA 6;11000;BEOGRAD;/rs/476507/cip-publik-d-o-o/
07769466;ČIP-COM DOO BEOGRAD - U LIKVIDACIJI;Patrijarha Pavla 34;11090;BEOGRAD-RAKOVICA;/rs/50226/cip-com-doo-beograd-u-likvidaciji/
65068516;DAVID MARTIĆ PR IZRADA ELEMENATA ZA MAŠINE ELEMENT 2018 ŠABAC;Dalmatinska 2;15000;ŠABAC;/rs/1157261/david-martic-pr-izrada-elemenata-za-masine-element-2018-sabac/
62394889;MILOŠ BUBULJ PR SZTR JOMI-ING;KARAĐORĐEVA 11 A;21239;Đurđevo;/rs/700720/milos-bubulj-pr-sztr-jomi-ing/
21469424;NS-STEEL 1989 DOO VETERNIK;Zorana Radmilovića 18;21203;Veternik;/rs/1192447/ns-steel-1989-doo-veternik/
66013359;Miloš Vujošević preduzetnik VUJOŠEVIĆ;LIVADARSKA 15;11415;Koraćica;/rs/1275797/milos-vujosevic-preduzetnik-vujosevic/
20032227;ŠKAPINA DOO ČAČAK;BULEVAR OSLOBOĐENJA 30;32000;Čačak;/rs/68358/skapina-doo-cacak/
21597813;PRDC d.o.o. Šimanovci;Novo Naselje BB;22310;Šimanovci;/rs/1252179/prdc-d-o-o-simanovci/
20688793;DOO M PROJECT CO. ČAČAK;NIKOLE TESLE BB;32000;Čačak;/rs/130089/doo-m-project-co-cacak/
20806125;EUROWIN DOO ŠAJKAŠ;PETRA DRAPŠINA 55;21244;Šajkaš;/rs/843015/eurowin-doo-sajkas/
20412909;PREDUZEĆE DMITEH DOO GORNI MILANOVAC;GRUŽANSKA 1;32300;GORNJI MILANOVAC;/rs/112247/preduzece-dmiteh-doo-gorni-milanovac/
08773262;DOO TCS S.E. EUROPE VRŠAC;PAVLIŠKI PUT LEVO 4B;26300;VRŠAC;/rs/91613/doo-tcs-s-e-europe-vrsac/
21322245;AMS SISTEM d.o.o.;Karla Soprona 35;11080;ZEMUN;/rs/1117643/ams-sistem-d-o-o/
21635421;HYPERMILLING DOO SMEDEREVSKA PALANKA;Šulejićeva 217;11420;SMEDEREVSKA PALANKA;/rs/1271294/hypermilling-doo-smederevska-palanka/
56768165;STANIMIROVIĆ MILAN PR ZLATARA GEMA NIŠ;OBRENOVIĆEVA BB;18000;NIŠ;/rs/390693/stanimirovic-milan-pr-zlatara-gema-nis/
